Historical Date,AAPL US Equity,MSFT US Equity
13/06/2007,4.196,30.39
14/06/2007,4.241,30.52
15/06/2007,4.304,30.49
18/06/2007,4.468,30.51
19/06/2007,4.416,30.46
20/06/2007,4.341,30.01
21/06/2007,4.425,30.22
22/06/2007,4.393,29.49
25/06/2007,4.369,29.49
26/06/2007,4.273,29.52
27/06/2007,4.353,29.87
28/06/2007,4.306,29.83
29/06/2007,4.359,29.47
02/07/2007,4.331,29.74
03/07/2007,4.542,30.02
05/07/2007,4.741,29.99
06/07/2007,4.725,29.97
09/07/2007,4.655,29.87
10/07/2007,4.727,29.33
11/07/2007,4.728,29.49
12/07/2007,4.788,30.07
13/07/2007,4.919,29.82
16/07/2007,4.932,30.03
17/07/2007,4.961,30.7799
18/07/2007,4.933,30.92
19/07/2007,5,31.51
20/07/2007,5.134,31.16
23/07/2007,5.132,31.19
24/07/2007,4.817,30.8
25/07/2007,4.902,30.71
26/07/2007,5.214,29.98
27/07/2007,5.138,29.3901
30/07/2007,5.051,29.4
31/07/2007,4.706,28.99
01/08/2007,4.821,29.3
02/08/2007,4.875,29.52
03/08/2007,4.709,28.9601
06/08/2007,4.83,29.54
07/08/2007,4.823,29.55
08/08/2007,4.786,30
09/08/2007,4.514,28.92
10/08/2007,4.464,28.71
13/08/2007,4.564,28.63
14/08/2007,4.43,28.27
15/08/2007,4.282,28.1
16/08/2007,4.18,27.81
17/08/2007,4.359,28.25
20/08/2007,4.365,28.26
21/08/2007,4.556,28.07
22/08/2007,4.733,28.22
23/08/2007,4.681,28.3
24/08/2007,4.832,28.81
27/08/2007,4.723,28.49
28/08/2007,4.529,27.93
29/08/2007,4.789,28.59
30/08/2007,4.866,28.45
31/08/2007,4.946,28.73
04/09/2007,5.149,28.81
05/09/2007,4.884,28.48
06/09/2007,4.822,28.91
07/09/2007,4.706,28.44
10/09/2007,4.883,28.48
11/09/2007,4.839,28.93
12/09/2007,4.888,28.93
13/09/2007,4.9,29.16
14/09/2007,4.958,29.04
17/09/2007,4.943,28.725
18/09/2007,5.033,28.93
19/09/2007,5.027,28.67
20/09/2007,5.011,28.4201
21/09/2007,5.148,28.6499
24/09/2007,5.296,29.08
25/09/2007,5.471,29.5599
26/09/2007,5.456,29.5
27/09/2007,5.518,29.49
28/09/2007,5.481,29.46
01/10/2007,5.584,29.7701
02/10/2007,5.659,29.7
03/10/2007,5.64,29.4525
04/10/2007,5.58,29.71
05/10/2007,5.766,29.84
08/10/2007,5.997,29.84
09/10/2007,5.995,30.0999
10/10/2007,5.957,30.23
11/10/2007,5.794,29.91
12/10/2007,5.973,30.17
15/10/2007,5.964,30.04
16/10/2007,6.056,30.32
17/10/2007,6.17,31.08
18/10/2007,6.196,31.16
19/10/2007,6.086,30.17
22/10/2007,6.227,30.51
23/10/2007,6.649,30.9
24/10/2007,6.64,31.25
25/10/2007,6.528,31.99
26/10/2007,6.596,35.03
29/10/2007,6.61,34.57
30/10/2007,6.679,35.57
31/10/2007,6.784,36.81
01/11/2007,6.694,37.06
02/11/2007,6.71,37.06
05/11/2007,6.649,36.73
06/11/2007,6.85,36.41
07/11/2007,6.654,35.52
08/11/2007,6.267,34.74
09/11/2007,5.906,33.73
12/11/2007,5.491,33.38
13/11/2007,6.07,34.46
14/11/2007,5.933,33.93
15/11/2007,5.868,33.76
16/11/2007,5.943,34.09
19/11/2007,5.855,33.96
20/11/2007,6.03,34.58
21/11/2007,6.016,34.23
23/11/2007,6.126,34.11
26/11/2007,6.162,32.97
27/11/2007,6.243,33.06
28/11/2007,6.436,33.7
29/11/2007,6.582,33.59
30/11/2007,6.508,33.6
03/12/2007,6.388,32.92
04/12/2007,6.422,32.77
05/12/2007,6.625,34.15
06/12/2007,6.784,34.55
07/12/2007,6.939,34.53
10/12/2007,6.936,34.76
11/12/2007,6.734,34.1
12/12/2007,6.816,34.47
13/12/2007,6.851,35.22
14/12/2007,6.8,35.31
17/12/2007,6.586,34.39
18/12/2007,6.535,34.74
19/12/2007,6.54,34.79
20/12/2007,6.686,35.52
21/12/2007,6.925,36.06
24/12/2007,7.1,36.58
26/12/2007,7.105,36.61
27/12/2007,7.092,35.97
28/12/2007,7.137,36.12
31/12/2007,7.074,35.6
02/01/2008,6.959,35.22
03/01/2008,6.962,35.37
04/01/2008,6.43,34.38
07/01/2008,6.344,34.61
08/01/2008,6.116,33.45
09/01/2008,6.407,34.44
10/01/2008,6.358,34.33
11/01/2008,6.168,33.91
14/01/2008,6.385,34.39
15/01/2008,6.037,34
16/01/2008,5.701,33.23
17/01/2008,5.746,33.11
18/01/2008,5.763,33.01
22/01/2008,5.559,31.99
23/01/2008,4.967,31.93
24/01/2008,4.843,33.25
25/01/2008,4.643,32.94
28/01/2008,4.643,32.72
29/01/2008,4.698,32.6
30/01/2008,4.721,32.2
31/01/2008,4.834,32.6
01/02/2008,4.777,30.4498
04/02/2008,4.702,30.19
05/02/2008,4.62,29.07
06/02/2008,4.357,28.52
07/02/2008,4.33,28.12
08/02/2008,4.481,28.56
11/02/2008,4.623,28.21
12/02/2008,4.459,28.34
13/02/2008,4.621,28.96
14/02/2008,4.552,28.5
15/02/2008,4.451,28.42
19/02/2008,4.364,28.17
20/02/2008,4.422,28.22
21/02/2008,4.341,28.1
22/02/2008,4.266,27.68
25/02/2008,4.276,27.84
26/02/2008,4.255,28.38
27/02/2008,4.391,28.26
28/02/2008,4.64,27.93
29/02/2008,4.465,27.1999
03/03/2008,4.348,26.99
04/03/2008,4.451,27.59
05/03/2008,4.446,28.1199
06/03/2008,4.319,27.57
07/03/2008,4.366,27.87
10/03/2008,4.275,28.05
11/03/2008,4.548,29.28
12/03/2008,4.501,28.63
13/03/2008,4.569,28.62
14/03/2008,4.522,27.96
17/03/2008,4.526,28.3
18/03/2008,4.744,29.42
19/03/2008,4.631,28.62
20/03/2008,4.76,29.18
24/03/2008,4.983,29.17
25/03/2008,5.035,29.14
26/03/2008,5.181,28.56
27/03/2008,5.009,28.05
28/03/2008,5.108,27.91
31/03/2008,5.125,28.38
01/04/2008,5.34,29.4999
02/04/2008,5.268,29.16
03/04/2008,5.415,29
04/04/2008,5.467,29.16
07/04/2008,5.568,29.16
08/04/2008,5.459,28.75
09/04/2008,5.409,28.89
10/04/2008,5.52,29.11
11/04/2008,5.255,28.28
14/04/2008,5.278,28.06
15/04/2008,5.299,28.25
16/04/2008,5.489,28.95
17/04/2008,5.518,29.22
18/04/2008,5.751,30
21/04/2008,6.006,30.42
22/04/2008,5.721,30.25
23/04/2008,5.818,31.45
24/04/2008,6.034,31.8
25/04/2008,6.062,29.83
28/04/2008,6.151,28.99
29/04/2008,6.252,28.64
30/04/2008,6.213,28.52
01/05/2008,6.429,29.4
02/05/2008,6.462,29.24
05/05/2008,6.598,29.08
06/05/2008,6.666,29.7
07/05/2008,6.521,29.21
08/05/2008,6.609,29.27
09/05/2008,6.552,29.39
12/05/2008,6.72,29.99
13/05/2008,6.784,29.78
14/05/2008,6.652,29.93
15/05/2008,6.776,30.4501
16/05/2008,6.701,29.99
19/05/2008,6.557,29.46
20/05/2008,6.639,28.76
21/05/2008,6.364,28.25
22/05/2008,6.323,28.47
23/05/2008,6.47,28.05
27/05/2008,6.658,28.44
28/05/2008,6.679,28.18
29/05/2008,6.668,28.31
30/05/2008,6.741,28.32
02/06/2008,6.646,27.8
03/06/2008,6.62,27.31
04/06/2008,6.614,27.54
05/06/2008,6.765,28.3
06/06/2008,6.63,27.49
09/06/2008,6.486,27.71
10/06/2008,6.63,27.89
11/06/2008,6.458,27.12
12/06/2008,6.188,28.24
13/06/2008,6.156,29.07
16/06/2008,6.316,28.93
17/06/2008,6.48,28.8
18/06/2008,6.384,28.46
19/06/2008,6.461,28.93
20/06/2008,6.26,28.23
23/06/2008,6.184,27.97
24/06/2008,6.188,27.73
25/06/2008,6.335,28.35
26/06/2008,6.009,27.75
27/06/2008,6.075,27.63
30/06/2008,5.98,27.51
01/07/2008,6.239,26.87
02/07/2008,6.006,25.88
03/07/2008,6.076,25.98
07/07/2008,6.256,26.03
08/07/2008,6.413,25.85
09/07/2008,6.223,25.23
10/07/2008,6.308,25.45
11/07/2008,6.164,25.25
14/07/2008,6.21,25.15
15/07/2008,6.059,26.15
16/07/2008,6.172,27.26
17/07/2008,6.136,27.52
18/07/2008,5.898,25.86
21/07/2008,5.939,25.64
22/07/2008,5.786,25.8
23/07/2008,5.938,26.43
24/07/2008,5.68,25.44
25/07/2008,5.79,26.16
28/07/2008,5.514,25.5
29/07/2008,5.61,26.11
30/07/2008,5.71,26.23
31/07/2008,5.677,25.72
01/08/2008,5.595,25.44
04/08/2008,5.473,25.28
05/08/2008,5.737,26.21
06/08/2008,5.864,27.02
07/08/2008,5.842,27.39
08/08/2008,6.055,28.13
11/08/2008,6.199,27.9
12/08/2008,6.312,28.12
13/08/2008,6.404,27.91
14/08/2008,6.404,27.91
15/08/2008,6.276,27.81
18/08/2008,6.264,27.69
19/08/2008,6.198,27.32
20/08/2008,6.28,27.29
21/08/2008,6.225,27.18
22/08/2008,6.314,27.84
25/08/2008,6.163,27.66
26/08/2008,6.201,27.27
27/08/2008,6.238,27.56
28/08/2008,6.205,27.94
29/08/2008,6.055,27.29
02/09/2008,5.935,27.1
03/09/2008,5.963,26.9
04/09/2008,5.758,26.35
05/09/2008,5.721,25.65
08/09/2008,5.64,26.12
09/09/2008,5.417,26.1
10/09/2008,5.415,26.44
11/09/2008,5.452,27.34
12/09/2008,5.319,27.62
15/09/2008,5.013,26.82
16/09/2008,4.996,25.99
17/09/2008,4.565,24.57
18/09/2008,4.789,25.26
19/09/2008,5.033,25.16
22/09/2008,4.68,25.4
23/09/2008,4.53,25.44
24/09/2008,4.597,25.72
25/09/2008,4.712,26.61
26/09/2008,4.58,27.4
29/09/2008,3.759,25.01
30/09/2008,4.059,26.69
01/10/2008,3.897,26.48
02/10/2008,3.575,26.25
03/10/2008,3.467,26.32
06/10/2008,3.505,24.91
07/10/2008,3.184,23.23
08/10/2008,3.207,23.01
09/10/2008,3.169,22.3
10/10/2008,3.457,21.5
13/10/2008,3.938,25.5
14/10/2008,3.717,24.1
15/10/2008,3.498,22.66
16/10/2008,3.639,24.19
17/10/2008,3.479,23.93
20/10/2008,3.516,24.72
21/10/2008,3.268,23.36
22/10/2008,3.46,21.53
23/10/2008,3.508,22.32
24/10/2008,3.442,21.96
27/10/2008,3.289,21.18
28/10/2008,3.568,23.1
29/10/2008,3.734,23
30/10/2008,3.966,22.63
31/10/2008,3.843,22.33
03/11/2008,3.82,22.62
04/11/2008,3.964,23.53
05/11/2008,3.689,22.08
06/11/2008,3.539,20.88
07/11/2008,3.509,21.5
10/11/2008,3.424,21.3
11/11/2008,3.385,21.2
12/11/2008,3.219,20.3
13/11/2008,3.444,21.25
14/11/2008,3.223,20.06
17/11/2008,3.148,19.32
18/11/2008,3.211,19.62
19/11/2008,3.082,18.29
20/11/2008,2.875,17.53
21/11/2008,2.949,19.68
24/11/2008,3.32,20.69
25/11/2008,3.243,19.99
26/11/2008,3.393,20.49
28/11/2008,3.31,20.22
01/12/2008,3.176,18.61
02/12/2008,3.303,19.15
03/12/2008,3.425,19.87
04/12/2008,3.265,19.11
05/12/2008,3.357,19.87
08/12/2008,3.561,21.01
09/12/2008,3.574,20.6
10/12/2008,3.508,20.61
11/12/2008,3.393,19.45
12/12/2008,3.51,19.36
15/12/2008,3.384,19.04
16/12/2008,3.408,20.11
17/12/2008,3.184,19.66
18/12/2008,3.194,19.3
19/12/2008,3.214,19.12
22/12/2008,3.062,19.18
23/12/2008,3.085,19.28
24/12/2008,3.037,19.17
26/12/2008,3.065,19.13
29/12/2008,3.093,18.96
30/12/2008,3.082,19.34
31/12/2008,3.048,19.44
02/01/2009,3.241,20.33
05/01/2009,3.378,20.52
06/01/2009,3.322,20.76
07/01/2009,3.25,19.51
08/01/2009,3.311,20.12
09/01/2009,3.235,19.52
12/01/2009,3.166,19.47
13/01/2009,3.133,19.82
14/01/2009,3.048,19.09
15/01/2009,2.978,19.24
16/01/2009,2.94,19.71
20/01/2009,2.793,18.48
21/01/2009,2.958,19.38
22/01/2009,3.156,17.11
23/01/2009,3.156,17.2
26/01/2009,3.201,17.63
27/01/2009,3.24,17.66
28/01/2009,3.364,18.04
29/01/2009,3.321,17.59
30/01/2009,3.219,17.1
02/02/2009,3.268,17.83
03/02/2009,3.321,18.5
04/02/2009,3.341,18.63
05/02/2009,3.445,19.04
06/02/2009,3.561,19.66
09/02/2009,3.661,19.44
10/02/2009,3.494,18.8
11/02/2009,3.458,19.21
12/02/2009,3.545,19.26
13/02/2009,3.541,19.09
17/02/2009,3.376,18.09
18/02/2009,3.37,18.12
19/02/2009,3.237,17.91
20/02/2009,3.257,18
23/02/2009,3.105,17.21
24/02/2009,3.223,17.17
25/02/2009,3.256,16.96
26/02/2009,3.185,16.42
27/02/2009,3.19,16.15
02/03/2009,3.141,15.79
03/03/2009,3.156,15.88
04/03/2009,3.256,16.12
05/03/2009,3.173,15.27
06/03/2009,3.046,15.28
09/03/2009,2.968,15.15
10/03/2009,3.165,16.48
11/03/2009,3.31,17.11
12/03/2009,3.441,17.01
13/03/2009,3.426,16.65
16/03/2009,3.408,16.25
17/03/2009,3.559,16.9
18/03/2009,3.626,16.96
19/03/2009,3.629,17.14
20/03/2009,3.628,17.06
23/03/2009,3.845,18.33
24/03/2009,3.804,17.93
25/03/2009,3.803,17.88
26/03/2009,3.924,18.83
27/03/2009,3.816,18.13
30/03/2009,3.732,17.48
31/03/2009,3.754,18.37
01/04/2009,3.882,19.31
02/04/2009,4.025,19.29
03/04/2009,4.143,18.75
06/04/2009,4.23,18.76
07/04/2009,4.107,18.76
08/04/2009,4.154,19.19
09/04/2009,4.27,19.67
13/04/2009,4.294,19.59
14/04/2009,4.225,19.35
15/04/2009,4.201,18.83
16/04/2009,4.338,19.76
17/04/2009,4.408,19.2
20/04/2009,4.304,18.61
21/04/2009,4.349,18.97
22/04/2009,4.34,18.78
23/04/2009,4.479,18.92
24/04/2009,4.425,20.91
27/04/2009,4.455,20.4
28/04/2009,4.425,19.93
29/04/2009,4.469,20.25
30/04/2009,4.494,20.26
01/05/2009,4.544,20.24
04/05/2009,4.717,20.19
05/05/2009,4.74,19.79
06/05/2009,4.732,19.79
07/05/2009,4.609,19.32
08/05/2009,4.614,19.42
11/05/2009,4.628,19.32
12/05/2009,4.444,19.89
13/05/2009,4.268,19.75
14/05/2009,4.391,20.06
15/05/2009,4.372,20.22
18/05/2009,4.523,20.6
19/05/2009,4.552,20.31
20/05/2009,4.495,20.38
21/05/2009,4.435,19.82
22/05/2009,4.375,19.75
26/05/2009,4.671,20.34
27/05/2009,4.752,20.13
28/05/2009,4.824,20.45
29/05/2009,4.85,20.89
01/06/2009,4.977,21.4
02/06/2009,4.982,21.4
03/06/2009,5.034,21.73
04/06/2009,5.134,21.83
05/06/2009,5.167,22.14
08/06/2009,5.138,22.05
09/06/2009,5.097,22.08
10/06/2009,5.009,22.55
11/06/2009,4.998,22.83
12/06/2009,4.892,23.33
15/06/2009,4.86,23.42
16/06/2009,4.87,23.45
17/06/2009,4.842,23.68
18/06/2009,4.853,23.5
19/06/2009,4.981,24.07
22/06/2009,4.906,23.28
23/06/2009,4.786,23.34
24/06/2009,4.865,23.47
25/06/2009,4.995,23.79
26/06/2009,5.087,23.35
29/06/2009,5.07,23.86
30/06/2009,5.087,23.77
01/07/2009,5.101,24.04
02/07/2009,5.001,23.37
06/07/2009,4.95,23.2
07/07/2009,4.836,22.53
08/07/2009,4.901,22.56
09/07/2009,4.87,22.44
10/07/2009,4.947,22.39
13/07/2009,5.084,23.23
14/07/2009,5.081,23.11
15/07/2009,5.246,24.12
16/07/2009,5.269,24.44
17/07/2009,5.42,24.29
20/07/2009,5.461,24.53
21/07/2009,5.411,24.83
22/07/2009,5.598,24.8
23/07/2009,5.636,25.56
24/07/2009,5.714,23.45
27/07/2009,5.718,23.11
28/07/2009,5.714,23.47
29/07/2009,5.715,23.8
30/07/2009,5.814,23.81
31/07/2009,5.835,23.52
03/08/2009,5.944,23.83
04/08/2009,5.913,23.77
05/08/2009,5.897,23.81
06/08/2009,5.854,23.46
07/08/2009,5.911,23.56
10/08/2009,5.883,23.42
11/08/2009,5.815,23.13
12/08/2009,5.904,23.53
13/08/2009,6.015,23.62
14/08/2009,5.956,23.692
17/08/2009,5.7,23.25
18/08/2009,5.857,23.58
19/08/2009,5.879,23.65
20/08/2009,5.94,23.67
21/08/2009,6.044,24.41
24/08/2009,6.038,24.64
25/08/2009,6.05,24.64
26/08/2009,5.979,24.55
27/08/2009,6.052,24.69
28/08/2009,6.073,24.68
31/08/2009,6.008,24.65
01/09/2009,5.904,24
02/09/2009,5.899,23.86
03/09/2009,5.948,24.11
04/09/2009,6.083,24.62
08/09/2009,6.176,24.82
09/09/2009,6.112,24.78
10/09/2009,6.163,25
11/09/2009,6.149,24.86
14/09/2009,6.204,25
15/09/2009,6.256,25.2
16/09/2009,6.495,25.2
17/09/2009,6.591,25.3
18/09/2009,6.608,25.26
21/09/2009,6.572,25.3
22/09/2009,6.589,25.77
23/09/2009,6.625,25.71
24/09/2009,6.565,25.94
25/09/2009,6.513,25.55
28/09/2009,6.648,25.83
29/09/2009,6.621,25.75
30/09/2009,6.62,25.72
01/10/2009,6.459,24.88
02/10/2009,6.604,24.96
05/10/2009,6.644,24.64
06/10/2009,6.786,25.11
07/10/2009,6.795,25.1
08/10/2009,6.76,25.67
09/10/2009,6.803,25.55
12/10/2009,6.815,25.72
13/10/2009,6.786,25.81
14/10/2009,6.832,25.96
15/10/2009,6.806,26.71
16/10/2009,6.716,26.5
19/10/2009,6.781,26.36
20/10/2009,7.099,26.37
21/10/2009,7.319,26.58
22/10/2009,7.329,26.59
23/10/2009,7.284,28.02
26/10/2009,7.231,28.68
27/10/2009,7.049,28.59
28/10/2009,6.871,28.02
29/10/2009,7.013,28.22
30/10/2009,6.732,27.73
02/11/2009,6.761,27.88
03/11/2009,6.741,27.53
04/11/2009,6.815,28.06
05/11/2009,6.93,28.47
06/11/2009,6.941,28.52
09/11/2009,7.195,28.99
10/11/2009,7.249,29.01
11/11/2009,7.259,29.12
12/11/2009,7.214,29.36
13/11/2009,7.302,29.63
16/11/2009,7.38,29.54
17/11/2009,7.393,30
18/11/2009,7.356,30.11
19/11/2009,7.161,29.78
20/11/2009,7.14,29.62
23/11/2009,7.353,29.94
24/11/2009,7.301,29.91
25/11/2009,7.293,29.79
27/11/2009,7.164,29.22
30/11/2009,7.14,29.41
01/12/2009,7.035,30.01
02/12/2009,7.008,29.78
03/12/2009,7.017,29.83
04/12/2009,6.904,29.98
07/12/2009,6.748,29.79
08/12/2009,6.781,29.57
09/12/2009,7.064,29.71
10/12/2009,7.015,29.87
11/12/2009,6.953,29.85
14/12/2009,7.035,30.11
15/12/2009,6.935,30.02
16/12/2009,6.965,30.1
17/12/2009,6.852,29.6
18/12/2009,6.98,30.36
21/12/2009,7.08,30.52
22/12/2009,7.156,30.82
23/12/2009,7.218,30.92
24/12/2009,7.466,31
28/12/2009,7.558,31.17
29/12/2009,7.468,31.39
30/12/2009,7.559,30.96
31/12/2009,7.526,30.48
04/01/2010,7.643,30.95
05/01/2010,7.656,30.96
06/01/2010,7.535,30.77
07/01/2010,7.521,30.452
08/01/2010,7.571,30.66
11/01/2010,7.504,30.27
12/01/2010,7.419,30.07
13/01/2010,7.523,30.35
14/01/2010,7.48,30.96
15/01/2010,7.355,30.86
19/01/2010,7.68,31.1
20/01/2010,7.562,30.585
21/01/2010,7.431,30.01
22/01/2010,7.063,28.96
25/01/2010,7.253,29.32
26/01/2010,7.355,29.5
27/01/2010,7.424,29.67
28/01/2010,7.118,29.16
29/01/2010,6.859,28.18
01/02/2010,6.955,28.41
02/02/2010,6.995,28.46
03/02/2010,7.115,28.63
04/02/2010,6.859,27.84
05/02/2010,6.981,28.02
08/02/2010,6.933,27.72
09/02/2010,7.007,28.01
10/02/2010,6.968,27.99
11/02/2010,7.095,28.12
12/02/2010,7.156,27.93
16/02/2010,7.264,28.35
17/02/2010,7.234,28.59
18/02/2010,7.247,28.969
19/02/2010,7.203,28.77
22/02/2010,7.158,28.73
23/02/2010,7.038,28.33
24/02/2010,7.166,28.63
25/02/2010,7.214,28.6
26/02/2010,7.308,28.67
01/03/2010,7.464,29.02
02/03/2010,7.459,28.46
03/03/2010,7.476,28.46
04/03/2010,7.525,28.63
05/03/2010,7.82,28.5875
08/03/2010,7.824,28.63
09/03/2010,7.965,28.8
10/03/2010,8.03,28.97
11/03/2010,8.054,29.18
12/03/2010,8.093,29.27
15/03/2010,7.994,29.29
16/03/2010,8.016,29.37
17/03/2010,8.004,29.63
18/03/2010,8.023,29.61
19/03/2010,7.937,29.59
22/03/2010,8.027,29.6
23/03/2010,8.156,29.88
24/03/2010,8.192,29.65
25/03/2010,8.095,30.01
26/03/2010,8.246,29.66
29/03/2010,8.3,29.59
30/03/2010,8.423,29.77
31/03/2010,8.393,29.2875
01/04/2010,8.428,29.16
05/04/2010,8.518,29.27
06/04/2010,8.555,29.32
07/04/2010,8.593,29.35
08/04/2010,8.57,29.92
09/04/2010,8.635,30.34
12/04/2010,8.653,30.32
13/04/2010,8.658,30.45
14/04/2010,8.775,30.82
15/04/2010,8.89,30.87
16/04/2010,8.836,30.67
19/04/2010,8.824,31.039
20/04/2010,8.735,31.36
21/04/2010,9.258,31.332
22/04/2010,9.517,31.39
23/04/2010,9.673,30.96
26/04/2010,9.625,31.11
27/04/2010,9.359,30.845
28/04/2010,9.343,30.91
29/04/2010,9.594,31.003
30/04/2010,9.325,30.535
03/05/2010,9.513,30.86
04/05/2010,9.239,30.13
05/05/2010,9.142,29.85
06/05/2010,8.795,28.98
07/05/2010,8.424,28.21
10/05/2010,9.071,28.94
11/05/2010,9.161,28.88
12/05/2010,9.36,29.44
13/05/2010,9.227,29.24
14/05/2010,9.065,28.93
17/05/2010,9.079,28.94
18/05/2010,9.013,28.5975
19/05/2010,8.869,28.24
20/05/2010,8.491,27.11
21/05/2010,8.654,26.84
24/05/2010,8.813,26.27
25/05/2010,8.758,26.07
26/05/2010,8.718,25.01
27/05/2010,9.048,26
28/05/2010,9.174,25.8
01/06/2010,9.315,25.89
02/06/2010,9.427,26.46
03/06/2010,9.397,26.86
04/06/2010,9.142,25.79
07/06/2010,8.962,25.29
08/06/2010,8.905,25.11
09/06/2010,8.686,24.79
10/06/2010,8.947,25
11/06/2010,9.054,25.66
14/06/2010,9.081,25.495
15/06/2010,9.275,26.5825
16/06/2010,9.545,26.32
17/06/2010,9.71,26.37
18/06/2010,9.788,26.44
21/06/2010,9.649,25.95
22/06/2010,9.78,25.77
23/06/2010,9.678,25.308
24/06/2010,9.607,25
25/06/2010,9.525,24.5325
28/06/2010,9.582,24.31
29/06/2010,9.149,23.31
30/06/2010,8.983,23.01
01/07/2010,8.874,23.16
02/07/2010,8.819,23.27
06/07/2010,8.88,23.82
07/07/2010,9.238,24.3
08/07/2010,9.218,24.4095
09/07/2010,9.272,24.27
12/07/2010,9.189,24.83
13/07/2010,8.993,25.13
14/07/2010,9.026,25.44
15/07/2010,8.98,25.51
16/07/2010,8.925,24.89
19/07/2010,8.771,25.23
20/07/2010,8.996,25.48
21/07/2010,9.08,25.12
22/07/2010,9.251,25.84
23/07/2010,9.284,25.81
26/07/2010,9.26,26.1
27/07/2010,9.431,26.16
28/07/2010,9.32,25.95
29/07/2010,9.218,26.03
30/07/2010,9.188,25.81
02/08/2010,9.352,26.33
03/08/2010,9.355,26.16
04/08/2010,9.392,25.73
05/08/2010,9.346,25.37
06/08/2010,9.289,25.55
09/08/2010,9.348,25.61
10/08/2010,9.265,25.07
11/08/2010,8.935,24.86
12/08/2010,8.993,24.49
13/08/2010,8.896,24.4
16/08/2010,8.844,24.5
17/08/2010,8.999,24.71
18/08/2010,9.038,24.82
19/08/2010,8.924,24.44
20/08/2010,8.916,24.23
23/08/2010,8.779,24.28
24/08/2010,8.569,24.04
25/08/2010,8.675,24.1
26/08/2010,8.581,23.82
27/08/2010,8.629,23.93
30/08/2010,8.661,23.64
31/08/2010,8.682,23.465
01/09/2010,8.94,23.9
02/09/2010,9.006,23.94
03/09/2010,9.242,24.29
07/09/2010,9.208,23.96
08/09/2010,9.39,23.93
09/09/2010,9.395,24.01
10/09/2010,9.408,23.85
13/09/2010,9.537,25.11
14/09/2010,9.574,25.03
15/09/2010,9.651,25.115
16/09/2010,9.878,25.33
17/09/2010,9.835,25.22
20/09/2010,10.115,25.43
21/09/2010,10.135,25.15
22/09/2010,10.277,24.61
23/09/2010,10.319,24.43
24/09/2010,10.44,24.775
27/09/2010,10.399,24.7325
28/09/2010,10.245,24.6775
29/09/2010,10.263,24.5
30/09/2010,10.134,24.49
01/10/2010,10.09,24.38
04/10/2010,9.951,23.91
05/10/2010,10.319,24.35
06/10/2010,10.328,24.43
07/10/2010,10.329,24.53
08/10/2010,10.503,24.57
11/10/2010,10.549,24.59
12/10/2010,10.662,24.83
13/10/2010,10.719,25.34
14/10/2010,10.797,25.23
15/10/2010,11.241,25.54
18/10/2010,11.357,25.82
19/10/2010,11.053,25.1
20/10/2010,11.09,25.31
21/10/2010,11.054,25.42
22/10/2010,10.981,25.3775
25/10/2010,11.03,25.19
26/10/2010,11.002,25.9
27/10/2010,10.994,26.05
28/10/2010,10.901,26.28
29/10/2010,10.749,26.665
01/11/2010,10.864,26.95
02/11/2010,11.049,27.39
03/11/2010,11.171,27.03
04/11/2010,11.367,27.14
05/11/2010,11.326,26.85
08/11/2010,11.379,26.81
09/11/2010,11.289,26.95
10/11/2010,11.358,26.94
11/11/2010,11.309,26.68
12/11/2010,11.001,26.27
15/11/2010,10.966,26.2
16/11/2010,10.771,25.81
17/11/2010,10.732,25.57
18/11/2010,11.015,25.8375
19/11/2010,10.955,25.69
22/11/2010,11.191,25.73
23/11/2010,11.026,25.12
24/11/2010,11.243,25.37
26/11/2010,11.277,25.34
29/11/2010,11.317,25.31
30/11/2010,11.113,25.2575
01/12/2010,11.3,26.04
02/12/2010,11.363,26.89
03/12/2010,11.337,27.02
06/12/2010,11.434,26.84
07/12/2010,11.365,26.87
08/12/2010,11.465,27.23
09/12/2010,11.42,27.08
10/12/2010,11.449,27.34
13/12/2010,11.488,27.245
14/12/2010,11.439,27.62
15/12/2010,11.441,27.85
16/12/2010,11.473,27.9875
17/12/2010,11.45,27.9025
20/12/2010,11.508,27.81
21/12/2010,11.579,28.07
22/12/2010,11.613,28.1875
23/12/2010,11.557,28.3
27/12/2010,11.596,28.07
28/12/2010,11.624,28.01
29/12/2010,11.618,27.97
30/12/2010,11.559,27.85
31/12/2010,11.52,27.91
03/01/2011,11.77,27.98
04/01/2011,11.832,28.0875
05/01/2011,11.929,28
06/01/2011,11.919,28.82
07/01/2011,12.004,28.6
10/01/2011,12.231,28.22
11/01/2011,12.201,28.11
12/01/2011,12.301,28.55
13/01/2011,12.346,28.19
14/01/2011,12.446,28.3
18/01/2011,12.166,28.66
19/01/2011,12.101,28.47
20/01/2011,11.881,28.3525
21/01/2011,11.669,28.02
24/01/2011,12.052,28.38
25/01/2011,12.193,28.45
26/01/2011,12.28,28.78
27/01/2011,12.258,28.87
28/01/2011,12.004,27.751
31/01/2011,12.119,27.725
01/02/2011,12.323,27.9925
02/02/2011,12.297,27.94
03/02/2011,12.266,27.65
04/02/2011,12.375,27.77
07/02/2011,12.567,28.1975
08/02/2011,12.686,28.2825
09/02/2011,12.791,27.97
10/02/2011,12.662,27.5
11/02/2011,12.745,27.25
14/02/2011,12.828,27.23
15/02/2011,12.854,26.96
16/02/2011,12.969,27.02
17/02/2011,12.796,27.21
18/02/2011,12.52,27.06
22/02/2011,12.093,26.59
23/02/2011,12.236,26.59
24/02/2011,12.246,26.77
25/02/2011,12.434,26.55
28/02/2011,12.615,26.58
01/03/2011,12.475,26.16
02/03/2011,12.576,26.0775
03/03/2011,12.841,26.2
04/03/2011,12.857,25.9525
07/03/2011,12.691,25.72
08/03/2011,12.706,25.91
09/03/2011,12.588,25.89
10/03/2011,12.381,25.41
11/03/2011,12.571,25.68
14/03/2011,12.627,25.69
15/03/2011,12.337,25.39
16/03/2011,11.786,24.79
17/03/2011,11.951,24.78
18/03/2011,11.81,24.8
21/03/2011,12.118,25.33
22/03/2011,12.186,25.295
23/03/2011,12.114,25.54
24/03/2011,12.32,25.81
25/03/2011,12.555,25.62
28/03/2011,12.516,25.41
29/03/2011,12.534,25.49
30/03/2011,12.451,25.61
31/03/2011,12.447,25.39
01/04/2011,12.306,25.48
04/04/2011,12.185,25.55
05/04/2011,12.103,25.78
06/04/2011,12.073,26.15
07/04/2011,12.074,26.2
08/04/2011,11.966,26.07
11/04/2011,11.814,25.98
12/04/2011,11.871,25.64
13/04/2011,12.005,25.63
14/04/2011,11.872,25.42
15/04/2011,11.695,25.37
18/04/2011,11.852,25.08
19/04/2011,12.066,25.15
20/04/2011,12.229,25.76
21/04/2011,12.525,25.52
25/04/2011,12.607,25.61
26/04/2011,12.515,26.19
27/04/2011,12.505,26.38
28/04/2011,12.384,26.71
29/04/2011,12.505,25.92
02/05/2011,12.367,25.66
03/05/2011,12.436,25.81
04/05/2011,12.485,26.06
05/05/2011,12.384,25.79
06/05/2011,12.381,25.87
09/05/2011,12.414,25.83
10/05/2011,12.48,25.67
11/05/2011,12.401,25.36
12/05/2011,12.378,25.32
13/05/2011,12.161,25.03
16/05/2011,11.904,24.57
17/05/2011,12.005,24.52
18/05/2011,12.138,24.69
19/05/2011,12.162,24.715
20/05/2011,11.972,24.49
23/05/2011,11.943,24.17
24/05/2011,11.864,24.15
25/05/2011,12.028,24.19
26/05/2011,11.964,24.67
27/05/2011,12.05,24.76
31/05/2011,12.423,25.01
01/06/2011,12.34,24.43
02/06/2011,12.361,24.22
03/06/2011,12.266,23.905
06/06/2011,12.073,24.01
07/06/2011,11.859,24.06
08/06/2011,11.866,23.94
09/06/2011,11.839,23.96
10/06/2011,11.639,23.705
13/06/2011,11.664,24.04
14/06/2011,11.873,24.22
15/06/2011,11.67,23.74
16/06/2011,11.613,23.995
17/06/2011,11.438,24.26
20/06/2011,11.261,24.47
21/06/2011,11.618,24.76
22/06/2011,11.522,24.65
23/06/2011,11.83,24.63
24/06/2011,11.655,24.3
27/06/2011,11.859,25.2
28/06/2011,11.974,25.8
29/06/2011,11.93,25.62
30/06/2011,11.988,26
01/07/2011,12.259,26.02
05/07/2011,12.48,26.03
06/07/2011,12.563,26.33
07/07/2011,12.757,26.77
08/07/2011,12.847,26.92
11/07/2011,12.643,26.63
12/07/2011,12.634,26.54
13/07/2011,12.786,26.63
14/07/2011,12.778,26.47
15/07/2011,13.033,26.78
18/07/2011,13.35,26.59
19/07/2011,13.459,27.54
20/07/2011,13.818,27.06
21/07/2011,13.832,27.095
22/07/2011,14.046,27.53
25/07/2011,14.232,27.91
26/07/2011,14.408,28.08
27/07/2011,14.021,27.33
28/07/2011,13.994,27.72
29/07/2011,13.946,27.4
01/08/2011,14.17,27.27
02/08/2011,13.89,26.8
03/08/2011,14.02,26.92
04/08/2011,13.478,25.94
05/08/2011,13.344,25.68
08/08/2011,12.615,24.48
09/08/2011,13.358,25.58
10/08/2011,12.989,24.2
11/08/2011,13.346,25.19
12/08/2011,13.464,25.1
15/08/2011,13.693,25.51
16/08/2011,13.589,25.35
17/08/2011,13.587,25.245
18/08/2011,13.073,24.67
19/08/2011,12.715,24.05
22/08/2011,12.73,23.98
23/08/2011,13.343,24.72
24/08/2011,13.435,24.9
25/08/2011,13.347,24.57
26/08/2011,13.699,25.25
29/08/2011,13.928,25.84
30/08/2011,13.928,26.23
31/08/2011,13.744,26.6
01/09/2011,13.608,26.21
02/09/2011,13.359,25.8
06/09/2011,13.562,25.51
07/09/2011,13.712,26
08/09/2011,13.719,26.22
09/09/2011,13.481,25.74
12/09/2011,13.569,25.89
13/09/2011,13.736,26.04
14/09/2011,13.904,26.5
15/09/2011,14.034,26.99
16/09/2011,14.304,27.12
19/09/2011,14.701,27.21
20/09/2011,14.766,26.98
21/09/2011,14.719,25.99
22/09/2011,14.351,25.06
23/09/2011,14.439,25.06
26/09/2011,14.399,25.44
27/09/2011,14.259,25.67
28/09/2011,14.179,25.575
29/09/2011,13.949,25.45
30/09/2011,13.619,24.89
03/10/2011,13.379,24.53
04/10/2011,13.304,25.34
05/10/2011,13.509,25.89
06/10/2011,13.478,26.34
07/10/2011,13.207,26.25
10/10/2011,13.886,26.94
11/10/2011,14.296,27
12/10/2011,14.364,26.96
13/10/2011,14.587,27.18
14/10/2011,15.071,27.27
17/10/2011,15,26.98
18/10/2011,15.08,27.31
19/10/2011,14.236,27.13
20/10/2011,14.118,27.04
21/10/2011,14.031,27.16
24/10/2011,14.492,27.19
25/10/2011,14.206,26.81
26/10/2011,14.307,26.59
27/10/2011,14.453,27.25
28/10/2011,14.463,26.98
31/10/2011,14.456,26.63
01/11/2011,14.161,25.99
02/11/2011,14.193,26.01
03/11/2011,14.395,26.53
04/11/2011,14.294,26.25
07/11/2011,14.276,26.8
08/11/2011,14.508,27.16
09/11/2011,14.117,26.2
10/11/2011,13.758,26.28
11/11/2011,13.736,26.91
14/11/2011,13.545,26.76
15/11/2011,13.887,26.74
16/11/2011,13.742,26.07
17/11/2011,13.479,25.54
18/11/2011,13.391,25.3
21/11/2011,13.179,25
22/11/2011,13.447,24.79
23/11/2011,13.107,24.47
25/11/2011,12.985,24.3
28/11/2011,13.433,24.87
29/11/2011,13.329,24.84
30/11/2011,13.65,25.58
01/12/2011,13.855,25.28
02/12/2011,13.918,25.22
05/12/2011,14.036,25.7
06/12/2011,13.963,25.66
07/12/2011,13.896,25.6
08/12/2011,13.952,25.4
09/12/2011,14.058,25.7
12/12/2011,13.994,25.51
13/12/2011,13.886,25.76
14/12/2011,13.578,25.59
15/12/2011,13.534,25.56
16/12/2011,13.608,26
19/12/2011,13.65,25.53
20/12/2011,14.141,26.025
21/12/2011,14.159,25.76
22/12/2011,14.234,25.81
23/12/2011,14.405,26.03
27/12/2011,14.519,26.04
28/12/2011,14.38,25.82
29/12/2011,14.469,26.02
30/12/2011,14.464,25.96
03/01/2012,14.687,26.765
04/01/2012,14.766,27.4
05/01/2012,14.93,27.68
06/01/2012,15.086,28.105
09/01/2012,15.062,27.74
10/01/2012,15.116,27.84
11/01/2012,15.091,27.72
12/01/2012,15.05,28
13/01/2012,14.993,28.25
17/01/2012,15.168,28.255
18/01/2012,15.325,28.23
19/01/2012,15.277,28.12
20/01/2012,15.011,29.71
23/01/2012,15.265,29.73
24/01/2012,15.015,29.34
25/01/2012,15.952,29.56
26/01/2012,15.88,29.5
27/01/2012,15.974,29.23
30/01/2012,16.179,29.61
31/01/2012,16.303,29.53
01/02/2012,16.293,29.89
02/02/2012,16.254,29.95
03/02/2012,16.417,30.24
06/02/2012,16.57,30.2
07/02/2012,16.744,30.35
08/02/2012,17.024,30.66
09/02/2012,17.613,30.77
10/02/2012,17.622,30.495
13/02/2012,17.95,30.58
14/02/2012,18.195,30.25
15/02/2012,17.774,30.05
16/02/2012,17.936,31.285
17/02/2012,17.933,31.25
21/02/2012,18.388,31.44
22/02/2012,18.323,31.27
23/02/2012,18.443,31.37
24/02/2012,18.658,31.48
27/02/2012,18.777,31.35
28/02/2012,19.122,31.87
29/02/2012,19.373,31.74
01/03/2012,19.445,32.29
02/03/2012,19.471,32.075
05/03/2012,19.041,31.8
06/03/2012,18.938,31.555
07/03/2012,18.953,31.84
08/03/2012,19.357,32.01
09/03/2012,19.47,31.99
12/03/2012,19.714,32.04
13/03/2012,20.289,32.67
14/03/2012,21.056,32.77
15/03/2012,20.913,32.85
16/03/2012,20.913,32.6
19/03/2012,21.468,32.2
20/03/2012,21.641,31.99
21/03/2012,21.518,31.91
22/03/2012,21.405,31.995
23/03/2012,21.288,32.01
26/03/2012,21.678,32.59
27/03/2012,21.946,32.52
28/03/2012,22.058,32.19
29/03/2012,21.781,32.12
30/03/2012,21.413,32.255
02/04/2012,22.094,32.29
03/04/2012,22.476,31.94
04/04/2012,22.297,31.21
05/04/2012,22.631,31.52
09/04/2012,22.723,31.1
10/04/2012,22.444,30.47
11/04/2012,22.364,30.345
12/04/2012,22.242,30.975
13/04/2012,21.615,30.81
16/04/2012,20.719,31.075
17/04/2012,21.775,31.44
18/04/2012,21.726,31.14
19/04/2012,20.98,31.01
20/04/2012,20.464,32.42
23/04/2012,20.418,32.12
24/04/2012,20.01,31.92
25/04/2012,21.786,32.2
26/04/2012,21.704,32.11
27/04/2012,21.536,31.98
30/04/2012,20.856,32.015
01/05/2012,20.79,32.01
02/05/2012,20.928,31.8
03/05/2012,20.779,31.76
04/05/2012,20.188,30.98
07/05/2012,20.339,30.65
08/05/2012,20.292,30.5
09/05/2012,20.328,30.76
10/05/2012,20.376,30.74
11/05/2012,20.24,31.16
14/05/2012,19.936,30.68
15/05/2012,19.756,30.21
16/05/2012,19.503,29.9
17/05/2012,18.933,29.72
18/05/2012,18.942,29.27
21/05/2012,20.046,29.75
22/05/2012,19.892,29.76
23/05/2012,20.377,29.11
24/05/2012,20.19,29.07
25/05/2012,20.082,29.06
29/05/2012,20.438,29.56
30/05/2012,20.685,29.34
31/05/2012,20.633,29.19
01/06/2012,20.035,28.45
04/06/2012,20.153,28.55
05/06/2012,20.101,28.505
06/06/2012,20.409,29.35
07/06/2012,20.419,29.23
08/06/2012,20.726,29.65
11/06/2012,20.399,28.895
12/06/2012,20.577,29.29
13/06/2012,20.434,29.13
14/06/2012,20.412,29.34
15/06/2012,20.505,30.02
18/06/2012,20.921,29.84
19/06/2012,20.979,30.7
20/06/2012,20.919,30.93
21/06/2012,20.631,30.135
22/06/2012,20.789,30.7
25/06/2012,20.384,29.865
26/06/2012,20.429,30.02
27/06/2012,20.518,30.17
28/06/2012,20.323,29.91
29/06/2012,20.857,30.59
02/07/2012,21.161,30.56
03/07/2012,21.408,30.76
05/07/2012,21.784,30.7
06/07/2012,21.639,30.185
09/07/2012,21.925,30
10/07/2012,21.722,29.74
11/07/2012,21.587,29.3
12/07/2012,21.389,28.63
13/07/2012,21.606,29.39
16/07/2012,21.675,29.44
17/07/2012,21.676,29.66
18/07/2012,21.652,30.45
19/07/2012,21.94,30.665
20/07/2012,21.582,30.115
23/07/2012,21.565,29.28
24/07/2012,21.461,29.15
25/07/2012,20.535,28.83
26/07/2012,20.531,29.16
27/07/2012,20.899,29.755
30/07/2012,21.251,29.64
31/07/2012,21.813,29.47
01/08/2012,21.672,29.41
02/08/2012,21.707,29.19
03/08/2012,21.989,29.75
06/08/2012,22.234,29.95
07/08/2012,22.176,30.26
08/08/2012,22.138,30.33
09/08/2012,22.169,30.5
10/08/2012,22.204,30.42
13/08/2012,22.5,30.39
14/08/2012,22.56,30.13
15/08/2012,22.53,30.2
16/08/2012,22.726,30.78
17/08/2012,23.147,30.9
20/08/2012,23.755,30.74
21/08/2012,23.431,30.8
22/08/2012,23.888,30.54
23/08/2012,23.665,30.255
24/08/2012,23.687,30.56
27/08/2012,24.131,30.69
28/08/2012,24.1,30.63
29/08/2012,24.052,30.65
30/08/2012,23.71,30.32
31/08/2012,23.759,30.82
04/09/2012,24.106,30.385
05/09/2012,23.937,30.39
06/09/2012,24.153,31.345
07/09/2012,24.301,30.95
10/09/2012,23.669,30.72
11/09/2012,23.593,30.79
12/09/2012,23.921,30.78
13/09/2012,24.392,30.935
14/09/2012,24.689,31.21
17/09/2012,24.992,31.21
18/09/2012,25.068,31.175
19/09/2012,25.075,31.052
20/09/2012,24.954,31.45
21/09/2012,25.003,31.19
24/09/2012,24.671,30.78
25/09/2012,24.055,30.39
26/09/2012,23.756,30.165
27/09/2012,24.333,30.16
28/09/2012,23.825,29.76
01/10/2012,23.55,29.49
02/10/2012,23.618,29.66
03/10/2012,23.98,29.86
04/10/2012,23.814,30.03
05/10/2012,23.307,29.85
08/10/2012,22.792,29.78
09/10/2012,22.709,29.28
10/10/2012,22.89,28.98
11/10/2012,22.432,28.95
12/10/2012,22.49,29.2
15/10/2012,22.67,29.51
16/10/2012,23.207,29.49
17/10/2012,23.022,29.59
18/10/2012,22.594,29.495
19/10/2012,21.78,28.64
22/10/2012,22.644,28
23/10/2012,21.906,28.047
24/10/2012,22.03,27.9019
25/10/2012,21.769,27.88
26/10/2012,21.571,28.21
31/10/2012,21.261,28.54
01/11/2012,21.305,29.515
02/11/2012,20.6,29.4998
05/11/2012,20.879,29.63
06/11/2012,20.816,29.86
07/11/2012,19.929,29.08
08/11/2012,19.205,28.81
09/11/2012,19.538,28.83
12/11/2012,19.387,28.22
13/11/2012,19.389,27.0895
14/11/2012,19.174,26.84
15/11/2012,18.772,26.6607
16/11/2012,18.846,26.5209
19/11/2012,20.205,26.7277
20/11/2012,20.033,26.71
21/11/2012,20.061,26.95
23/11/2012,20.411,27.7
26/11/2012,21.055,27.385
27/11/2012,20.885,27.08
28/11/2012,20.819,27.36
29/11/2012,21.049,26.95
30/11/2012,20.903,26.615
03/12/2012,20.935,26.4294
04/12/2012,20.566,26.37
05/12/2012,19.243,26.67
06/12/2012,19.544,26.725
07/12/2012,19.045,26.455
10/12/2012,18.922,26.94
11/12/2012,19.335,27.32
12/12/2012,19.25,27.24
13/12/2012,18.918,27.11
14/12/2012,18.207,26.81
17/12/2012,18.53,27.095
18/12/2012,19.068,27.56
19/12/2012,18.797,27.31
20/12/2012,18.633,27.68
21/12/2012,18.548,27.45
24/12/2012,18.577,27.06
26/12/2012,18.321,26.86
27/12/2012,18.395,26.96
28/12/2012,18.2,26.55
31/12/2012,19.006,26.7097
02/01/2013,19.608,27.62
03/01/2013,19.361,27.25
04/01/2013,18.821,26.74
07/01/2013,18.711,26.69
08/01/2013,18.761,26.55
09/01/2013,18.468,26.7
10/01/2013,18.697,26.46
11/01/2013,18.582,26.83
14/01/2013,17.92,26.89
15/01/2013,17.354,27.21
16/01/2013,18.075,27.04
17/01/2013,17.953,27.25
18/01/2013,17.857,27.25
22/01/2013,18.028,27.15
23/01/2013,18.357,27.61
24/01/2013,16.089,27.63
25/01/2013,15.71,27.88
28/01/2013,16.065,27.911
29/01/2013,16.367,28.01
30/01/2013,16.315,27.85
31/01/2013,16.268,27.45
01/02/2013,16.201,27.93
04/02/2013,15.797,27.44
05/02/2013,16.352,27.495
06/02/2013,16.334,27.34
07/02/2013,16.722,27.283
08/02/2013,16.964,27.55
11/02/2013,17.14,27.86
12/02/2013,16.711,27.88
13/02/2013,16.679,28.03
14/02/2013,16.664,28.04
15/02/2013,16.434,28.01
19/02/2013,16.428,28.045
20/02/2013,16.03,27.87
21/02/2013,15.931,27.49
22/02/2013,16.1,27.76
25/02/2013,15.814,27.37
26/02/2013,16.035,27.37
27/02/2013,15.878,27.81
28/02/2013,15.764,27.8
01/03/2013,15.374,27.95
04/03/2013,15.002,28.15
05/03/2013,15.398,28.35
06/03/2013,15.202,28.09
07/03/2013,15.378,28.14
08/03/2013,15.419,28
11/03/2013,15.638,27.87
12/03/2013,15.301,27.91
13/03/2013,15.298,27.915
14/03/2013,15.446,28.135
15/03/2013,15.845,28.035
18/03/2013,16.276,28.1
19/03/2013,16.232,28.18
20/03/2013,16.146,28.315
21/03/2013,16.169,28.11
22/03/2013,16.497,28.25
25/03/2013,16.556,28.16
26/03/2013,16.469,28.155
27/03/2013,16.146,28.37
28/03/2013,15.809,28.605
01/04/2013,15.318,28.61
02/04/2013,15.35,28.8
03/04/2013,15.428,28.56
04/04/2013,15.276,28.595
05/04/2013,15.114,28.7
08/04/2013,15.222,28.59
09/04/2013,15.249,29.61
10/04/2013,15.56,30.28
11/04/2013,15.512,28.935
12/04/2013,15.35,28.79
15/04/2013,14.995,28.69
16/04/2013,15.223,28.97
17/04/2013,14.386,28.825
18/04/2013,14.002,28.79
19/04/2013,13.948,29.765
22/04/2013,14.238,30.83
23/04/2013,14.505,30.6
24/04/2013,14.481,31.76
25/04/2013,14.585,31.94
26/04/2013,14.9,31.79
29/04/2013,15.361,32.61
30/04/2013,15.814,33.1
01/05/2013,15.689,32.72
02/05/2013,15.911,33.16
03/05/2013,16.071,33.49
06/05/2013,16.454,33.75
07/05/2013,16.381,33.31
08/05/2013,16.566,32.99
09/05/2013,16.313,32.66
10/05/2013,16.178,32.69
13/05/2013,16.241,33.03
14/05/2013,15.852,33.53
15/05/2013,15.316,33.845
16/05/2013,15.521,34.08
17/05/2013,15.474,34.87
20/05/2013,15.819,35.08
21/05/2013,15.702,34.85
22/05/2013,15.763,34.61
23/05/2013,15.791,34.15
24/05/2013,15.898,34.269
28/05/2013,15.766,35.02
29/05/2013,15.891,34.88
30/05/2013,16.128,35.03
31/05/2013,16.062,34.9
03/06/2013,16.097,35.59
04/06/2013,16.047,34.99
05/06/2013,15.897,34.78
06/06/2013,15.659,34.96
07/06/2013,15.779,35.67
10/06/2013,15.675,35.47
11/06/2013,15.629,34.84
12/06/2013,15.435,35
13/06/2013,15.57,34.715
14/06/2013,15.359,34.4
17/06/2013,15.429,35
18/06/2013,15.42,34.98
19/06/2013,15.107,34.59
20/06/2013,14.887,33.49
21/06/2013,14.768,33.265
24/06/2013,14.376,33.715
25/06/2013,14.38,33.67
26/06/2013,14.217,34.35
27/06/2013,14.064,34.62
28/06/2013,14.162,34.545
01/07/2013,14.615,34.36
02/07/2013,14.946,33.94
03/07/2013,15.029,34.01
05/07/2013,14.908,34.21
08/07/2013,14.823,34.325
09/07/2013,15.084,34.35
10/07/2013,15.026,34.7
11/07/2013,15.26,35.685
12/07/2013,15.233,35.67
15/07/2013,15.266,36.17
16/07/2013,15.364,36.27
17/07/2013,15.368,35.74
18/07/2013,15.42,35.44
19/07/2013,15.177,31.4
22/07/2013,15.225,32.01
23/07/2013,14.964,31.82
24/07/2013,15.733,31.96
25/07/2013,15.661,31.39
26/07/2013,15.75,31.62
29/07/2013,15.993,31.54
30/07/2013,16.19,31.85
31/07/2013,16.162,31.84
01/08/2013,16.31,31.67
02/08/2013,16.519,31.89
05/08/2013,16.766,31.7
06/08/2013,16.616,31.58
07/08/2013,16.606,32.063
08/08/2013,16.465,32.89
09/08/2013,16.23,32.7
12/08/2013,16.691,32.87
13/08/2013,17.485,32.23
14/08/2013,17.804,32.35
15/08/2013,17.783,31.79
16/08/2013,17.94,31.8
19/08/2013,18.134,31.393
20/08/2013,17.895,31.62
21/08/2013,17.941,31.61
22/08/2013,17.963,32.39
23/08/2013,17.894,34.75
26/08/2013,17.963,34.15
27/08/2013,17.45,33.26
28/08/2013,17.532,33.02
29/08/2013,17.561,33.55
30/08/2013,17.401,33.4
03/09/2013,17.449,31.88
04/09/2013,17.81,31.195
05/09/2013,17.688,31.235
06/09/2013,17.794,31.152
09/09/2013,18.078,31.655
10/09/2013,17.666,32.39
11/09/2013,16.704,32.74
12/09/2013,16.882,32.69
13/09/2013,16.604,33.03
16/09/2013,16.076,32.801
17/09/2013,16.261,32.93
18/09/2013,16.596,33.32
19/09/2013,16.868,33.64
20/09/2013,16.693,32.791
23/09/2013,17.523,32.74
24/09/2013,17.468,32.455
25/09/2013,17.198,32.505
26/09/2013,17.365,32.77
27/09/2013,17.241,33.27
30/09/2013,17.027,33.28
01/10/2013,17.427,33.58
02/10/2013,17.484,33.92
03/10/2013,17.265,33.86
04/10/2013,17.251,33.88
07/10/2013,17.42,33.3
08/10/2013,17.176,33.01
09/10/2013,17.378,33.07
10/10/2013,17.487,33.76
11/10/2013,17.6,34.13
14/10/2013,17.716,34.45
15/10/2013,17.81,34.49
16/10/2013,17.897,34.64
17/10/2013,18.018,34.92
18/10/2013,18.175,34.96
21/10/2013,18.62,34.99
22/10/2013,18.567,34.58
23/10/2013,18.749,33.76
24/10/2013,18.997,33.72
25/10/2013,18.784,35.73
28/10/2013,18.924,35.57
29/10/2013,18.453,35.52
30/10/2013,18.746,35.54
31/10/2013,18.668,35.405
01/11/2013,18.573,35.525
04/11/2013,18.813,35.94
05/11/2013,18.766,36.64
06/11/2013,18.604,38.18
07/11/2013,18.303,37.5
08/11/2013,18.591,37.78
11/11/2013,18.537,37.59
12/11/2013,18.572,37.36
13/11/2013,18.594,38.155
14/11/2013,18.863,38.021
15/11/2013,18.75,37.841
18/11/2013,18.522,37.2
19/11/2013,18.555,36.74
20/11/2013,18.393,37.08
21/11/2013,18.612,37.4
22/11/2013,18.564,37.57
25/11/2013,18.705,37.64
26/11/2013,19.05,37.35
27/11/2013,19.499,37.6
29/11/2013,19.86,38.13
02/12/2013,19.687,38.45
03/12/2013,20.226,38.31
04/12/2013,20.179,38.94
05/12/2013,20.282,38
06/12/2013,20.001,38.36
09/12/2013,20.23,38.705
10/12/2013,20.198,38.11
11/12/2013,20.049,37.61
12/12/2013,20.019,37.22
13/12/2013,19.801,36.69
16/12/2013,19.911,36.885
17/12/2013,19.821,36.52
18/12/2013,19.67,36.58
19/12/2013,19.445,36.25
20/12/2013,19.608,36.8
23/12/2013,20.36,36.62
24/12/2013,20.274,37.08
26/12/2013,20.139,37.44
27/12/2013,20.003,37.29
30/12/2013,19.804,37.29
31/12/2013,20.036,37.41
02/01/2014,19.755,37.16
03/01/2014,19.321,36.91
06/01/2014,19.426,36.13
07/01/2014,19.287,36.41
08/01/2014,19.409,35.76
09/01/2014,19.161,35.53
10/01/2014,19.034,36.04
13/01/2014,19.133,34.98
14/01/2014,19.514,35.78
15/01/2014,19.906,36.76
16/01/2014,19.795,36.89
17/01/2014,19.31,36.38
21/01/2014,19.61,36.17
22/01/2014,19.697,35.93
23/01/2014,19.864,36.055
24/01/2014,19.503,36.805
27/01/2014,19.661,36.03
28/01/2014,18.089,36.27
29/01/2014,17.884,36.66
30/01/2014,17.849,36.86
31/01/2014,17.879,37.84
03/02/2014,17.912,36.48
04/02/2014,18.171,36.35
05/02/2014,18.307,35.82
06/02/2014,18.304,36.18
07/02/2014,18.56,36.56
10/02/2014,18.893,36.8
11/02/2014,19.141,37.175
12/02/2014,19.14,37.47
13/02/2014,19.444,37.61
14/02/2014,19.428,37.62
18/02/2014,19.5,37.42
19/02/2014,19.192,37.51
20/02/2014,18.97,37.75
21/02/2014,18.759,37.98
24/02/2014,18.841,37.69
25/02/2014,18.645,37.54
26/02/2014,18.477,37.47
27/02/2014,18.845,37.86
28/02/2014,18.794,38.31
03/03/2014,18.849,37.78
04/03/2014,18.973,38.41
05/03/2014,19.013,38.11
06/03/2014,18.955,38.15
07/03/2014,18.944,37.9
10/03/2014,18.961,37.82
11/03/2014,19.146,38.02
12/03/2014,19.165,38.27
13/03/2014,18.952,37.89
14/03/2014,18.739,37.7
17/03/2014,18.812,38.05
18/03/2014,18.979,39.55
19/03/2014,18.974,39.27
20/03/2014,18.882,40.33
21/03/2014,19.031,40.16
24/03/2014,19.257,40.5
25/03/2014,19.464,40.34
26/03/2014,19.278,39.79
27/03/2014,19.195,39.36
28/03/2014,19.174,40.3
31/03/2014,19.169,40.99
01/04/2014,19.345,41.42
02/04/2014,19.377,41.35
03/04/2014,19.243,41.01
04/04/2014,18.994,39.87
07/04/2014,18.695,39.8
08/04/2014,18.694,39.82
09/04/2014,18.94,40.47
10/04/2014,18.696,39.36
11/04/2014,18.558,39.209
14/04/2014,18.631,39.18
15/04/2014,18.499,39.75
16/04/2014,18.536,40.4
17/04/2014,18.748,40.01
21/04/2014,18.97,39.94
22/04/2014,18.989,39.99
23/04/2014,18.741,39.69
24/04/2014,20.278,39.86
25/04/2014,20.426,39.91
28/04/2014,21.218,40.87
29/04/2014,21.155,40.51
30/04/2014,21.075,40.4
01/05/2014,21.124,40
02/05/2014,21.164,39.69
05/05/2014,21.463,39.43
06/05/2014,21.229,39.06
07/05/2014,21.155,39.425
08/05/2014,21,39.64
09/05/2014,20.912,39.54
12/05/2014,21.173,39.97
13/05/2014,21.206,40.42
14/05/2014,21.21,40.24
15/05/2014,21.029,39.6
16/05/2014,21.34,39.83
19/05/2014,21.593,39.75
20/05/2014,21.597,39.68
21/05/2014,21.654,40.35
22/05/2014,21.688,40.1
23/05/2014,21.933,40.12
27/05/2014,22.344,40.19
28/05/2014,22.286,40.01
29/05/2014,22.692,40.34
30/05/2014,22.607,40.94
02/06/2014,22.452,40.79
03/06/2014,22.769,40.29
04/06/2014,23.029,40.32
05/06/2014,23.12,41.21
06/06/2014,23.056,41.48
09/06/2014,23.425,41.27
10/06/2014,23.563,41.11
11/06/2014,23.465,40.86
12/06/2014,23.073,40.58
13/06/2014,22.82,41.23
16/06/2014,23.05,41.5
17/06/2014,23.02,41.68
18/06/2014,23.045,41.65
19/06/2014,22.965,41.51
20/06/2014,22.728,41.68
23/06/2014,22.708,41.99
24/06/2014,22.57,41.745
25/06/2014,22.59,42.03
26/06/2014,22.725,41.72
27/06/2014,22.995,42.25
30/06/2014,23.233,41.7
01/07/2014,23.38,41.87
02/07/2014,23.37,41.9
03/07/2014,23.508,41.8
07/07/2014,23.992,41.99
08/07/2014,23.838,41.78
09/07/2014,23.848,41.67
10/07/2014,23.759,41.685
11/07/2014,23.805,42.09
14/07/2014,24.113,42.14
15/07/2014,23.83,42.45
16/07/2014,23.695,44.08
17/07/2014,23.272,44.53
18/07/2014,23.608,44.69
21/07/2014,23.485,44.835
22/07/2014,23.68,44.83
23/07/2014,24.298,44.87
24/07/2014,24.258,44.4
25/07/2014,24.418,44.5
28/07/2014,24.755,43.97
29/07/2014,24.595,43.885
30/07/2014,24.538,43.5785
31/07/2014,23.9,43.16
01/08/2014,24.033,42.86
04/08/2014,23.898,43.37
05/08/2014,23.78,43.08
06/08/2014,23.74,42.74
07/08/2014,23.62,43.23
08/08/2014,23.685,43.2
11/08/2014,23.998,43.2
12/08/2014,23.993,43.52
13/08/2014,24.31,44.08
14/08/2014,24.375,44.27
15/08/2014,24.495,44.79
18/08/2014,24.79,45.11
19/08/2014,25.133,45.33
20/08/2014,25.143,44.95
21/08/2014,25.145,45.22
22/08/2014,25.33,45.15
25/08/2014,25.385,45.17
26/08/2014,25.222,45.005
27/08/2014,25.533,44.87
28/08/2014,25.563,44.88
29/08/2014,25.625,45.43
02/09/2014,25.825,45.09
03/09/2014,24.735,44.96
04/09/2014,24.53,45.26
05/09/2014,24.743,45.91
08/09/2014,24.59,46.47
09/09/2014,24.498,46.76
10/09/2014,25.25,46.84
11/09/2014,25.358,47
12/09/2014,25.415,46.695
15/09/2014,25.408,46.24
16/09/2014,25.215,46.76
17/09/2014,25.395,46.52
18/09/2014,25.448,46.68
19/09/2014,25.24,47.52
22/09/2014,25.265,47.06
23/09/2014,25.66,46.56
24/09/2014,25.438,47.08
25/09/2014,24.468,46.04
26/09/2014,25.188,46.41
29/09/2014,25.028,46.44
30/09/2014,25.188,46.36
01/10/2014,24.795,45.9
02/10/2014,24.975,45.76
03/10/2014,24.905,46.09
06/10/2014,24.905,46.09
07/10/2014,24.688,45.53
08/10/2014,25.2,46.78
09/10/2014,25.255,45.85
10/10/2014,25.183,44.03
13/10/2014,24.953,43.65
14/10/2014,24.688,43.73
15/10/2014,24.385,43.22
16/10/2014,24.065,42.74
17/10/2014,24.418,43.63
20/10/2014,24.94,44.08
21/10/2014,25.618,44.88
22/10/2014,25.748,44.38
23/10/2014,26.208,45.02
24/10/2014,26.305,46.13
27/10/2014,26.278,45.91
28/10/2014,26.685,46.49
29/10/2014,26.835,46.62
30/10/2014,26.745,46.05
31/10/2014,27,46.95
03/11/2014,27.35,47.44
04/11/2014,27.15,47.57
05/11/2014,27.215,47.86
06/11/2014,27.175,48.7
07/11/2014,27.253,48.68
10/11/2014,27.208,48.89
11/11/2014,27.425,48.87
12/11/2014,27.813,48.78
13/11/2014,28.205,49.61
14/11/2014,28.545,49.58
17/11/2014,28.498,49.46
18/11/2014,28.868,48.74
19/11/2014,28.668,48.22
20/11/2014,29.078,48.7
21/11/2014,29.118,47.98
24/11/2014,29.656,47.59
25/11/2014,29.4,47.47
26/11/2014,29.75,47.75
28/11/2014,29.733,47.81
01/12/2014,28.768,48.62
02/12/2014,28.658,48.46
03/12/2014,28.983,48.08
04/12/2014,28.873,48.84
05/12/2014,28.75,48.42
08/12/2014,28.1,47.695
09/12/2014,28.53,47.59
10/12/2014,27.988,46.9
11/12/2014,27.905,47.17
12/12/2014,27.433,46.95
15/12/2014,27.056,46.67
16/12/2014,26.686,45.16
17/12/2014,27.353,45.74
18/12/2014,28.163,47.52
19/12/2014,27.945,47.66
22/12/2014,28.235,47.98
23/12/2014,28.135,48.45
24/12/2014,28.003,48.14
26/12/2014,28.498,47.88
29/12/2014,28.478,47.45
30/12/2014,28.13,47.02
31/12/2014,27.595,46.45
02/01/2015,27.333,46.76
05/01/2015,26.563,46.325
06/01/2015,26.565,45.65
07/01/2015,26.938,46.23
08/01/2015,27.973,47.59
09/01/2015,28.003,47.19
12/01/2015,27.313,46.6
13/01/2015,27.555,46.355
14/01/2015,27.45,45.955
15/01/2015,26.705,45.48
16/01/2015,26.498,46.24
20/01/2015,27.18,46.39
21/01/2015,27.388,45.92
22/01/2015,28.1,47.13
23/01/2015,28.245,47.18
26/01/2015,28.275,47.01
27/01/2015,27.285,42.66
28/01/2015,28.828,41.19
29/01/2015,29.725,42.01
30/01/2015,29.29,40.4
02/02/2015,29.658,41.28
03/02/2015,29.663,41.6
04/02/2015,29.89,41.84
05/02/2015,29.985,42.45
06/02/2015,29.733,42.41
09/02/2015,29.93,42.36
10/02/2015,30.505,42.6
11/02/2015,31.22,42.38
12/02/2015,31.615,43.09
13/02/2015,31.77,43.87
17/02/2015,31.958,43.58
18/02/2015,32.179,43.53
19/02/2015,32.113,43.5
20/02/2015,32.374,43.855
23/02/2015,33.25,44.15
24/02/2015,33.043,44.09
25/02/2015,32.198,43.99
26/02/2015,32.604,44.055
27/02/2015,32.115,43.85
02/03/2015,32.273,43.88
03/03/2015,32.34,43.28
04/03/2015,32.135,43.055
05/03/2015,31.603,43.11
06/03/2015,31.65,42.36
09/03/2015,31.785,42.85
10/03/2015,31.128,42.03
11/03/2015,30.56,41.98
12/03/2015,31.113,41.02
13/03/2015,30.898,41.38
16/03/2015,31.238,41.56
17/03/2015,31.76,41.695
18/03/2015,32.118,42.5
19/03/2015,31.874,42.285
20/03/2015,31.475,42.88
23/03/2015,31.803,42.855
24/03/2015,31.673,42.9
25/03/2015,30.845,41.46
26/03/2015,31.06,41.21
27/03/2015,30.813,40.97
30/03/2015,31.593,40.96
31/03/2015,31.108,40.655
01/04/2015,31.063,40.72
02/04/2015,31.33,40.29
06/04/2015,31.838,41.545
07/04/2015,31.503,41.53
08/04/2015,31.4,41.42
09/04/2015,31.64,41.48
10/04/2015,31.775,41.72
13/04/2015,31.713,41.76
14/04/2015,31.575,41.65
15/04/2015,31.695,42.255
16/04/2015,31.543,42.16
17/04/2015,31.188,41.615
20/04/2015,31.9,42.905
21/04/2015,31.728,42.635
22/04/2015,32.155,42.985
23/04/2015,32.418,43.34
24/04/2015,32.57,47.87
27/04/2015,33.163,48.03
28/04/2015,32.64,49.155
29/04/2015,32.16,49.06
30/04/2015,31.288,48.64
01/05/2015,32.238,48.655
04/05/2015,32.175,48.24
05/05/2015,31.45,47.6
06/05/2015,31.253,46.28
07/05/2015,31.315,46.7
08/05/2015,31.905,47.75
11/05/2015,31.58,47.37
12/05/2015,31.466,47.35
13/05/2015,31.503,47.625
14/05/2015,32.238,48.72
15/05/2015,32.193,48.295
18/05/2015,32.548,48.01
19/05/2015,32.518,47.58
20/05/2015,32.515,47.58
21/05/2015,32.848,47.42
22/05/2015,33.135,46.9
26/05/2015,32.405,46.59
27/05/2015,33.011,47.61
28/05/2015,32.945,47.45
29/05/2015,32.57,46.86
01/06/2015,32.634,47.23
02/06/2015,32.49,46.92
03/06/2015,32.53,46.85
04/06/2015,32.34,46.36
05/06/2015,32.163,46.14
08/06/2015,31.95,45.73
09/06/2015,31.855,45.65
10/06/2015,32.22,46.61
11/06/2015,32.148,46.44
12/06/2015,31.793,45.97
15/06/2015,31.73,45.475
16/06/2015,31.9,45.83
17/06/2015,31.825,45.97
18/06/2015,31.97,46.72
19/06/2015,31.65,46.1
22/06/2015,31.903,46.23
23/06/2015,31.758,45.91
24/06/2015,32.028,45.635
25/06/2015,31.875,45.65
26/06/2015,31.688,45.26
29/06/2015,31.133,44.37
30/06/2015,31.356,44.15
01/07/2015,31.65,44.445
02/07/2015,31.61,44.4
06/07/2015,31.5,44.39
07/07/2015,31.423,44.3
08/07/2015,30.643,44.24
09/07/2015,30.018,44.52
10/07/2015,30.82,44.61
13/07/2015,31.415,45.54
14/07/2015,31.403,45.62
15/07/2015,31.705,45.76
16/07/2015,32.128,46.66
17/07/2015,32.405,46.62
20/07/2015,33.018,46.92
21/07/2015,32.688,47.28
22/07/2015,31.305,45.54
23/07/2015,31.29,46.11
24/07/2015,31.125,45.94
27/07/2015,30.693,45.35
28/07/2015,30.845,45.34
29/07/2015,30.748,46.29
30/07/2015,30.593,46.88
31/07/2015,30.325,46.7
03/08/2015,29.61,46.81
04/08/2015,28.66,47.54
05/08/2015,28.85,47.58
06/08/2015,28.783,46.62
07/08/2015,28.88,46.74
10/08/2015,29.93,47.33
11/08/2015,28.373,46.41
12/08/2015,28.81,46.74
13/08/2015,28.788,46.73
14/08/2015,28.99,47
17/08/2015,29.29,47.32
18/08/2015,29.125,47.27
19/08/2015,28.753,46.61
20/08/2015,28.163,45.66
21/08/2015,26.44,43.07
24/08/2015,25.78,41.68
25/08/2015,25.935,40.47
26/08/2015,27.423,42.71
27/08/2015,28.23,43.9
28/08/2015,28.323,43.93
31/08/2015,28.19,43.52
01/09/2015,26.93,41.82
02/09/2015,28.085,43.36
03/09/2015,27.593,43.5
04/09/2015,27.318,42.61
08/09/2015,28.078,43.89
09/09/2015,27.538,43.07
10/09/2015,28.143,43.29
11/09/2015,28.553,43.48
14/09/2015,28.828,43.04
15/09/2015,29.07,43.98
16/09/2015,29.103,44.3
17/09/2015,28.48,44.25
18/09/2015,28.363,43.48
21/09/2015,28.803,44.11
22/09/2015,28.35,43.9
23/09/2015,28.58,43.87
24/09/2015,28.75,43.91
25/09/2015,28.678,43.94
28/09/2015,28.11,43.29
29/09/2015,27.265,43.44
30/09/2015,27.575,44.26
01/10/2015,27.395,44.61
02/10/2015,27.595,45.57
05/10/2015,27.695,46.63
06/10/2015,27.828,46.75
07/10/2015,27.695,46.8
08/10/2015,27.375,47.45
09/10/2015,28.03,47.11
12/10/2015,27.9,47
13/10/2015,27.948,46.89
14/10/2015,27.553,46.68
15/10/2015,27.965,47.01
16/10/2015,27.76,47.51
19/10/2015,27.933,47.62
20/10/2015,28.443,47.77
21/10/2015,28.44,47.2
22/10/2015,28.875,48.03
23/10/2015,29.77,52.87
26/10/2015,28.82,54.25
27/10/2015,28.638,53.69
28/10/2015,29.818,53.98
29/10/2015,30.133,53.36
30/10/2015,29.875,52.64
02/11/2015,30.295,53.24
03/11/2015,30.643,54.15
04/11/2015,30.5,54.4
05/11/2015,30.23,54.38
06/11/2015,30.265,54.92
09/11/2015,30.143,54.16
10/11/2015,29.193,53.51
11/11/2015,29.028,53.65
12/11/2015,28.93,53.32
13/11/2015,28.085,52.84
16/11/2015,28.544,53.765
17/11/2015,28.423,52.97
18/11/2015,29.323,53.85
19/11/2015,29.695,53.94
20/11/2015,29.825,54.19
23/11/2015,29.438,54.19
24/11/2015,29.72,54.25
25/11/2015,29.508,53.69
27/11/2015,29.453,53.93
30/11/2015,29.575,54.35
01/12/2015,29.335,55.22
02/12/2015,29.07,55.21
03/12/2015,28.8,54.2
04/12/2015,29.758,55.91
07/12/2015,29.57,55.81
08/12/2015,29.558,55.79
09/12/2015,28.905,54.98
10/12/2015,29.043,55.27
11/12/2015,28.295,54.06
14/12/2015,28.12,55.14
15/12/2015,27.623,55.2
16/12/2015,27.835,56.13
17/12/2015,27.245,55.7
18/12/2015,26.508,54.13
21/12/2015,26.833,54.83
22/12/2015,26.808,55.35
23/12/2015,27.153,55.82
24/12/2015,27.008,55.67
28/12/2015,26.705,55.95
29/12/2015,27.185,56.55
30/12/2015,26.83,56.31
31/12/2015,26.315,55.48
04/01/2016,26.338,54.8
05/01/2016,25.678,55.05
06/01/2016,25.175,54.05
07/01/2016,24.113,52.17
08/01/2016,24.24,52.33
11/01/2016,24.633,52.3
12/01/2016,24.99,52.78
13/01/2016,24.348,51.64
14/01/2016,24.88,53.11
15/01/2016,24.283,50.99
19/01/2016,24.165,50.56
20/01/2016,24.198,50.79
21/01/2016,24.075,50.48
22/01/2016,25.355,52.29
25/01/2016,24.86,51.79
26/01/2016,24.998,52.17
27/01/2016,23.355,51.22
28/01/2016,23.523,52.055
29/01/2016,24.335,55.09
01/02/2016,24.108,54.71
02/02/2016,23.62,53
03/02/2016,24.088,52.16
04/02/2016,24.15,52
05/02/2016,23.505,50.16
08/02/2016,23.753,49.41
09/02/2016,23.748,49.28
10/02/2016,23.568,49.71
11/02/2016,23.425,49.69
12/02/2016,23.498,50.5
16/02/2016,24.16,51.09
17/02/2016,24.53,52.42
18/02/2016,24.065,52.19
19/02/2016,24.01,51.82
22/02/2016,24.22,52.65
23/02/2016,23.673,51.18
24/02/2016,24.025,51.36
25/02/2016,24.19,52.1
26/02/2016,24.228,51.3
29/02/2016,24.173,50.88
01/03/2016,25.133,52.58
02/03/2016,25.188,52.95
03/03/2016,25.375,52.35
04/03/2016,25.753,52.03
07/03/2016,25.468,51.03
08/03/2016,25.258,51.65
09/03/2016,25.28,52.84
10/03/2016,25.293,52.05
11/03/2016,25.565,53.07
14/03/2016,25.63,53.17
15/03/2016,26.145,53.59
16/03/2016,26.493,54.35
17/03/2016,26.45,54.66
18/03/2016,26.48,53.49
21/03/2016,26.478,53.86
22/03/2016,26.68,54.07
23/03/2016,26.533,53.97
24/03/2016,26.418,54.21
28/03/2016,26.298,53.54
29/03/2016,26.92,54.71
30/03/2016,27.39,55.05
31/03/2016,27.248,55.23
01/04/2016,27.498,55.57
04/04/2016,27.78,55.43
05/04/2016,27.453,54.56
06/04/2016,27.74,55.12
07/04/2016,27.135,54.46
08/04/2016,27.165,54.42
11/04/2016,27.255,54.31
12/04/2016,27.61,54.65
13/04/2016,28.01,55.35
14/04/2016,28.025,55.36
15/04/2016,27.463,55.65
18/04/2016,26.87,56.46
19/04/2016,26.728,56.39
20/04/2016,26.783,55.59
21/04/2016,26.493,55.78
22/04/2016,26.42,51.78
25/04/2016,26.27,52.11
26/04/2016,26.088,51.44
27/04/2016,24.455,50.94
28/04/2016,23.708,49.9
29/04/2016,23.435,49.87
02/05/2016,23.41,50.61
03/05/2016,23.795,49.78
04/05/2016,23.548,49.87
05/05/2016,23.31,49.94
06/05/2016,23.18,50.39
09/05/2016,23.198,50.07
10/05/2016,23.355,51.02
11/05/2016,23.128,51.05
12/05/2016,22.585,51.51
13/05/2016,22.63,51.08
16/05/2016,23.47,51.83
17/05/2016,23.373,50.51
18/05/2016,23.64,50.81
19/05/2016,23.55,50.32
20/05/2016,23.805,50.62
23/05/2016,24.108,50.03
24/05/2016,24.475,51.59
25/05/2016,24.905,52.12
26/05/2016,25.103,51.89
27/05/2016,25.088,52.32
31/05/2016,24.965,53
01/06/2016,24.615,52.85
02/06/2016,24.43,52.48
03/06/2016,24.48,51.79
06/06/2016,24.658,52.13
07/06/2016,24.758,52.1
08/06/2016,24.735,52.04
09/06/2016,24.913,51.62
10/06/2016,24.708,51.48
13/06/2016,24.335,50.14
14/06/2016,24.365,49.83
15/06/2016,24.285,49.69
16/06/2016,24.388,50.39
17/06/2016,23.833,50.13
20/06/2016,23.775,50.07
21/06/2016,23.978,51.19
22/06/2016,23.888,50.99
23/06/2016,24.025,51.91
24/06/2016,23.35,49.83
27/06/2016,23.01,48.43
28/06/2016,23.398,49.44
29/06/2016,23.6,50.54
30/06/2016,23.9,51.17
01/07/2016,23.973,51.16
05/07/2016,23.748,51.17
06/07/2016,23.883,51.38
07/07/2016,23.985,51.38
08/07/2016,24.17,52.3
11/07/2016,24.245,52.59
12/07/2016,24.355,53.21
13/07/2016,24.218,53.51
14/07/2016,24.698,53.74
15/07/2016,24.695,53.7
18/07/2016,24.958,53.96
19/07/2016,24.968,53.09
20/07/2016,24.99,55.91
21/07/2016,24.858,55.8
22/07/2016,24.665,56.57
25/07/2016,24.335,56.73
26/07/2016,24.168,56.76
27/07/2016,25.738,56.19
28/07/2016,26.085,56.21
29/07/2016,26.053,56.68
01/08/2016,26.513,56.58
02/08/2016,26.12,56.58
03/08/2016,26.448,56.97
04/08/2016,26.468,57.39
05/08/2016,26.87,57.96
08/08/2016,27.093,58.06
09/08/2016,27.203,58.2
10/08/2016,27,58.02
11/08/2016,26.983,58.3
12/08/2016,27.045,57.94
15/08/2016,27.37,58.12
16/08/2016,27.345,57.44
17/08/2016,27.305,57.56
18/08/2016,27.27,57.6
19/08/2016,27.34,57.62
22/08/2016,27.128,57.67
23/08/2016,27.213,57.89
24/08/2016,27.008,57.95
25/08/2016,26.893,58.17
26/08/2016,26.735,58.03
29/08/2016,26.705,58.1
30/08/2016,26.5,57.89
31/08/2016,26.525,57.46
01/09/2016,26.683,57.59
02/09/2016,26.933,57.67
06/09/2016,26.925,57.61
07/09/2016,27.09,57.66
08/09/2016,26.38,57.43
09/09/2016,25.783,56.21
12/09/2016,26.36,57.05
13/09/2016,26.988,56.53
14/09/2016,27.943,56.26
15/09/2016,28.893,57.19
16/09/2016,28.73,57.25
19/09/2016,28.395,56.93
20/09/2016,28.393,56.81
21/09/2016,28.388,57.76
22/09/2016,28.655,57.82
23/09/2016,28.178,57.43
26/09/2016,28.22,56.9
27/09/2016,28.273,57.95
28/09/2016,28.488,58.03
29/09/2016,28.045,57.4
30/09/2016,28.263,57.6
03/10/2016,28.13,57.42
04/10/2016,28.25,57.24
05/10/2016,28.263,57.64
06/10/2016,28.473,57.74
07/10/2016,28.515,57.8
10/10/2016,29.013,58.04
11/10/2016,29.075,57.19
12/10/2016,29.335,57.11
13/10/2016,29.245,56.92
14/10/2016,29.408,57.42
17/10/2016,29.388,57.22
18/10/2016,29.368,57.66
19/10/2016,29.28,57.53
20/10/2016,29.265,57.25
21/10/2016,29.15,59.66
24/10/2016,29.413,61
25/10/2016,29.563,60.99
26/10/2016,28.898,60.63
27/10/2016,28.62,60.1
28/10/2016,28.43,59.87
31/10/2016,28.385,59.92
01/11/2016,27.873,59.8
02/11/2016,27.898,59.43
03/11/2016,27.458,59.21
04/11/2016,27.21,58.71
07/11/2016,27.603,60.42
08/11/2016,27.765,60.47
09/11/2016,27.72,60.17
10/11/2016,26.948,58.7
11/11/2016,27.108,59.02
14/11/2016,26.428,58.12
15/11/2016,26.778,58.87
16/11/2016,27.498,59.65
17/11/2016,27.488,60.64
18/11/2016,27.515,60.35
21/11/2016,27.933,60.86
22/11/2016,27.95,61.12
23/11/2016,27.808,60.4
25/11/2016,27.948,60.53
28/11/2016,27.893,60.61
29/11/2016,27.865,61.09
30/11/2016,27.63,60.26
01/12/2016,27.373,59.2
02/12/2016,27.475,59.25
05/12/2016,27.278,60.22
06/12/2016,27.488,59.95
07/12/2016,27.758,61.37
08/12/2016,28.03,61.01
09/12/2016,28.488,61.97
12/12/2016,28.325,62.17
13/12/2016,28.798,62.98
14/12/2016,28.798,62.68
15/12/2016,28.955,62.58
16/12/2016,28.993,62.3
19/12/2016,29.16,63.62
20/12/2016,29.238,63.54
21/12/2016,29.265,63.54
22/12/2016,29.073,63.55
23/12/2016,29.13,63.24
27/12/2016,29.315,63.28
28/12/2016,29.19,62.99
29/12/2016,29.183,62.9
30/12/2016,28.955,62.14
03/01/2017,29.038,62.58
04/01/2017,29.005,62.3
05/01/2017,29.153,62.3
06/01/2017,29.478,62.84
09/01/2017,29.748,62.64
10/01/2017,29.778,62.62
11/01/2017,29.938,63.19
12/01/2017,29.813,62.61
13/01/2017,29.76,62.7
17/01/2017,30,62.53
18/01/2017,29.998,62.5
19/01/2017,29.945,62.3
20/01/2017,30,62.74
23/01/2017,30.02,62.96
24/01/2017,29.993,63.52
25/01/2017,30.47,63.68
26/01/2017,30.485,64.27
27/01/2017,30.488,65.78
30/01/2017,30.408,65.13
31/01/2017,30.338,64.65
01/02/2017,32.188,63.58
02/02/2017,32.133,63.17
03/02/2017,32.27,63.68
06/02/2017,32.573,63.64
07/02/2017,32.883,63.43
08/02/2017,33.01,63.34
09/02/2017,33.105,64.06
10/02/2017,33.03,64
13/02/2017,33.323,64.72
14/02/2017,33.755,64.57
15/02/2017,33.878,64.53
16/02/2017,33.836,64.52
17/02/2017,33.93,64.62
21/02/2017,34.175,64.49
22/02/2017,34.278,64.36
23/02/2017,34.133,64.62
24/02/2017,34.165,64.62
27/02/2017,34.233,64.23
28/02/2017,34.248,63.98
01/03/2017,34.948,64.94
02/03/2017,34.74,64.01
03/03/2017,34.945,64.25
06/03/2017,34.835,64.27
07/03/2017,34.88,64.4
08/03/2017,34.75,64.99
09/03/2017,34.67,64.73
10/03/2017,34.785,64.93
13/03/2017,34.8,64.71
14/03/2017,34.748,64.41
15/03/2017,35.115,64.75
16/03/2017,35.173,64.64
17/03/2017,34.998,64.87
20/03/2017,35.365,64.93
21/03/2017,34.96,64.21
22/03/2017,35.355,65.03
23/03/2017,35.23,64.87
24/03/2017,35.16,64.98
27/03/2017,35.22,65.1
28/03/2017,35.95,65.29
29/03/2017,36.03,65.47
30/03/2017,35.983,65.71
31/03/2017,35.915,65.86
03/04/2017,35.925,65.55
04/04/2017,36.193,65.73
05/04/2017,36.005,65.56
06/04/2017,35.915,65.73
07/04/2017,35.835,65.68
10/04/2017,35.793,65.53
11/04/2017,35.408,65.48
12/04/2017,35.45,65.23
13/04/2017,35.263,64.95
17/04/2017,35.458,65.48
18/04/2017,35.3,65.39
19/04/2017,35.17,65.04
20/04/2017,35.61,65.5
21/04/2017,35.568,66.4
24/04/2017,35.91,67.53
25/04/2017,36.133,67.92
26/04/2017,35.92,67.83
27/04/2017,35.948,68.27
28/04/2017,35.913,68.46
01/05/2017,36.645,69.41
02/05/2017,36.878,69.3
03/05/2017,36.765,69.08
04/05/2017,36.633,68.81
05/05/2017,37.24,69
08/05/2017,38.253,68.94
09/05/2017,38.498,69.04
10/05/2017,38.315,69.31
11/05/2017,38.488,68.46
12/05/2017,39.025,68.38
15/05/2017,38.925,68.43
16/05/2017,38.868,69.41
17/05/2017,37.563,67.48
18/05/2017,38.135,67.71
19/05/2017,38.265,67.69
22/05/2017,38.498,68.45
23/05/2017,38.45,68.68
24/05/2017,38.335,68.77
25/05/2017,38.468,69.62
26/05/2017,38.403,69.96
30/05/2017,38.418,70.41
31/05/2017,38.19,69.84
01/06/2017,38.295,70.1
02/06/2017,38.863,71.76
05/06/2017,38.483,72.28
06/06/2017,38.613,72.52
07/06/2017,38.843,72.39
08/06/2017,38.748,71.95
09/06/2017,37.245,70.32
12/06/2017,36.355,69.78
13/06/2017,36.648,70.65
14/06/2017,36.29,70.27
15/06/2017,36.073,69.9
16/06/2017,35.568,70
19/06/2017,36.585,70.87
20/06/2017,36.253,69.91
21/06/2017,36.468,70.27
22/06/2017,36.408,70.26
23/06/2017,36.57,71.21
26/06/2017,36.455,70.53
27/06/2017,35.933,69.21
28/06/2017,36.458,69.8
29/06/2017,35.92,68.49
30/06/2017,36.005,68.93
03/07/2017,35.875,68.17
05/07/2017,36.023,69.08
06/07/2017,35.683,68.57
07/07/2017,36.045,69.46
10/07/2017,36.265,69.98
11/07/2017,36.383,69.99
12/07/2017,36.435,71.15
13/07/2017,36.943,71.77
14/07/2017,37.26,72.78
17/07/2017,37.39,73.35
18/07/2017,37.52,73.3
19/07/2017,37.755,73.86
20/07/2017,37.585,74.22
21/07/2017,37.568,73.79
24/07/2017,38.023,73.6
25/07/2017,38.185,74.19
26/07/2017,38.365,74.05
27/07/2017,37.64,73.16
28/07/2017,37.375,73.04
31/07/2017,37.183,72.7
01/08/2017,37.513,72.58
02/08/2017,39.285,72.26
03/08/2017,38.893,72.15
04/08/2017,39.098,72.68
07/08/2017,39.703,72.4
08/08/2017,40.02,72.79
09/08/2017,40.265,72.47
10/08/2017,38.83,71.41
11/08/2017,39.37,72.5
14/08/2017,39.963,73.59
15/08/2017,40.4,73.22
16/08/2017,40.238,73.65
17/08/2017,39.465,72.4
18/08/2017,39.375,72.49
21/08/2017,39.303,72.15
22/08/2017,39.945,73.16
23/08/2017,39.995,72.72
24/08/2017,39.818,72.69
25/08/2017,39.965,72.82
28/08/2017,40.368,72.83
29/08/2017,40.728,73.05
30/08/2017,40.838,74.01
31/08/2017,41,74.77
01/09/2017,41.013,73.94
05/09/2017,40.52,73.61
06/09/2017,40.478,73.4
07/09/2017,40.315,74.34
08/09/2017,39.658,73.98
11/09/2017,40.375,74.76
12/09/2017,40.215,74.68
13/09/2017,39.913,75.21
14/09/2017,39.57,74.77
15/09/2017,39.97,75.31
18/09/2017,39.668,75.16
19/09/2017,39.683,75.44
20/09/2017,39.018,74.94
21/09/2017,38.348,74.21
22/09/2017,37.973,74.41
25/09/2017,37.638,73.26
26/09/2017,38.285,73.26
27/09/2017,38.558,73.85
28/09/2017,38.32,73.87
29/09/2017,38.53,74.49
02/10/2017,38.453,74.61
03/10/2017,38.62,74.26
04/10/2017,38.37,74.69
05/10/2017,38.848,75.97
06/10/2017,38.825,76
09/10/2017,38.96,76.29
10/10/2017,38.975,76.29
11/10/2017,39.138,76.42
12/10/2017,39,77.12
13/10/2017,39.248,77.49
16/10/2017,39.97,77.65
17/10/2017,40.118,77.59
18/10/2017,39.94,77.61
19/10/2017,38.995,77.91
20/10/2017,39.063,78.81
23/10/2017,39.043,78.83
24/10/2017,39.275,78.86
25/10/2017,39.103,78.63
26/10/2017,39.353,78.76
27/10/2017,40.763,83.81
30/10/2017,41.68,83.89
31/10/2017,42.26,83.18
01/11/2017,41.723,83.18
02/11/2017,42.028,84.05
03/11/2017,43.125,84.14
06/11/2017,43.563,84.47
07/11/2017,43.703,84.27
08/11/2017,44.06,84.56
09/11/2017,43.97,84.09
10/11/2017,43.668,83.87
13/11/2017,43.493,83.93
14/11/2017,42.835,84.05
15/11/2017,42.27,82.98
16/11/2017,42.775,83.2
17/11/2017,42.538,82.4
20/11/2017,42.495,82.53
21/11/2017,43.285,83.72
22/11/2017,43.74,83.11
24/11/2017,43.743,83.26
27/11/2017,43.523,83.87
28/11/2017,43.268,84.88
29/11/2017,42.37,83.34
30/11/2017,42.963,84.17
01/12/2017,42.763,84.26
04/12/2017,42.45,81.08
05/12/2017,42.41,81.59
06/12/2017,42.253,82.78
07/12/2017,42.33,82.49
08/12/2017,42.343,84.16
11/12/2017,43.168,85.23
12/12/2017,42.925,85.58
13/12/2017,43.068,85.35
14/12/2017,43.055,84.69
15/12/2017,43.493,86.85
18/12/2017,44.105,86.38
19/12/2017,43.635,85.83
20/12/2017,43.588,85.52
21/12/2017,43.753,85.5
22/12/2017,43.753,85.51
26/12/2017,42.643,85.4
27/12/2017,42.65,85.71
28/12/2017,42.77,85.72
29/12/2017,42.308,85.54
02/01/2018,43.065,85.95
03/01/2018,43.058,86.35
04/01/2018,43.258,87.11
05/01/2018,43.75,88.19
08/01/2018,43.588,88.28
09/01/2018,43.583,88.22
10/01/2018,43.573,87.82
11/01/2018,43.82,88.08
12/01/2018,44.273,89.6
16/01/2018,44.048,88.35
17/01/2018,44.775,90.14
18/01/2018,44.815,90.1
19/01/2018,44.615,90
22/01/2018,44.25,91.61
23/01/2018,44.26,91.9
24/01/2018,43.555,91.82
25/01/2018,42.778,92.33
26/01/2018,42.878,94.06
29/01/2018,41.99,93.92
30/01/2018,41.743,92.74
31/01/2018,41.858,95.01
01/02/2018,41.945,94.26
02/02/2018,40.125,91.78
05/02/2018,39.123,88
06/02/2018,40.758,91.33
07/02/2018,39.885,89.61
08/02/2018,38.788,85.01
09/02/2018,39.103,88.18
12/02/2018,40.678,89.13
13/02/2018,41.085,89.83
14/02/2018,41.843,90.81
15/02/2018,43.248,92.66
16/02/2018,43.108,92
20/02/2018,42.963,92.72
21/02/2018,42.768,91.49
22/02/2018,43.125,91.73
23/02/2018,43.875,94.06
26/02/2018,44.743,95.42
27/02/2018,44.598,94.2
28/02/2018,44.53,93.77
01/03/2018,43.75,92.85
02/03/2018,44.053,93.05
05/03/2018,44.205,93.64
06/03/2018,44.168,93.32
07/03/2018,43.758,93.86
08/03/2018,44.235,94.43
09/03/2018,44.995,96.54
12/03/2018,45.43,96.77
13/03/2018,44.993,94.41
14/03/2018,44.61,93.85
15/03/2018,44.663,94.18
16/03/2018,44.505,94.6
19/03/2018,43.825,92.89
20/03/2018,43.81,93.13
21/03/2018,42.818,92.48
22/03/2018,42.213,89.79
23/03/2018,41.235,87.18
26/03/2018,43.193,93.78
27/03/2018,42.085,89.47
28/03/2018,41.62,89.39
29/03/2018,41.945,91.27
02/04/2018,41.67,88.52
03/04/2018,42.098,89.71
04/04/2018,42.903,92.33
05/04/2018,43.2,92.38
06/04/2018,42.095,90.23
09/04/2018,42.513,90.77
10/04/2018,43.313,92.88
11/04/2018,43.11,91.86
12/04/2018,43.535,93.58
13/04/2018,43.683,93.08
16/04/2018,43.955,94.17
17/04/2018,44.56,96.07
18/04/2018,44.46,96.44
19/04/2018,43.2,96.11
20/04/2018,41.43,95
23/04/2018,41.31,95.35
24/04/2018,40.735,93.12
25/04/2018,40.913,92.31
26/04/2018,41.055,94.26
27/04/2018,40.58,95.82
30/04/2018,41.315,93.52
01/05/2018,42.275,95
02/05/2018,44.143,93.51
03/05/2018,44.223,94.07
04/05/2018,45.958,95.16
07/05/2018,46.29,96.22
08/05/2018,46.513,95.81
09/05/2018,46.84,96.94
10/05/2018,47.51,97.91
11/05/2018,47.148,97.7
14/05/2018,47.038,98.03
15/05/2018,46.61,97.32
16/05/2018,47.045,97.15
17/05/2018,46.748,96.18
18/05/2018,46.578,96.36
21/05/2018,46.908,97.6
22/05/2018,46.79,97.5
23/05/2018,47.09,98.66
24/05/2018,47.038,98.31
25/05/2018,47.145,98.36
29/05/2018,46.975,98.01
30/05/2018,46.875,98.95
31/05/2018,46.718,98.84
01/06/2018,47.56,100.79
04/06/2018,47.958,101.67
05/06/2018,48.328,102.19
06/06/2018,48.495,102.49
07/06/2018,48.365,100.88
08/06/2018,47.925,101.63
11/06/2018,47.808,101.05
12/06/2018,48.07,101.31
13/06/2018,47.675,100.85
14/06/2018,47.7,101.42
15/06/2018,47.21,100.13
18/06/2018,47.185,100.86
19/06/2018,46.423,100.86
20/06/2018,46.625,101.87
21/06/2018,46.365,101.14
22/06/2018,46.23,100.41
25/06/2018,45.543,98.39
26/06/2018,46.108,99.08
27/06/2018,46.04,97.54
28/06/2018,46.375,98.63
29/06/2018,46.278,98.61
02/07/2018,46.795,100.01
03/07/2018,45.98,99.05
05/07/2018,46.35,99.76
06/07/2018,46.993,101.16
09/07/2018,47.645,101.85
10/07/2018,47.588,102.12
11/07/2018,46.97,101.98
12/07/2018,47.758,104.19
13/07/2018,47.833,105.43
16/07/2018,47.728,104.91
17/07/2018,47.863,105.95
18/07/2018,47.6,105.12
19/07/2018,47.97,104.4
20/07/2018,47.86,106.27
23/07/2018,47.903,107.97
24/07/2018,48.25,107.66
25/07/2018,48.705,110.83
26/07/2018,48.553,109.62
27/07/2018,47.745,107.68
30/07/2018,47.478,105.37
31/07/2018,47.573,106.08
01/08/2018,50.375,106.28
02/08/2018,51.848,107.57
03/08/2018,51.998,108.04
06/08/2018,52.268,108.13
07/08/2018,51.778,108.88
08/08/2018,51.813,109.49
09/08/2018,52.22,109.67
10/08/2018,51.883,109
13/08/2018,52.218,108.21
14/08/2018,52.438,109.56
15/08/2018,52.56,107.66
16/08/2018,53.33,107.64
17/08/2018,54.395,107.58
20/08/2018,53.865,106.87
21/08/2018,53.76,105.98
22/08/2018,53.763,107.06
23/08/2018,53.873,107.56
24/08/2018,54.04,108.4
27/08/2018,54.485,109.6
28/08/2018,54.925,110.26
29/08/2018,55.745,112.02
30/08/2018,56.258,111.95
31/08/2018,56.908,112.33
04/09/2018,57.09,111.71
05/09/2018,56.718,108.49
06/09/2018,55.775,108.74
07/09/2018,55.325,108.21
10/09/2018,54.583,109.38
11/09/2018,55.963,111.24
12/09/2018,55.268,111.71
13/09/2018,56.603,112.91
14/09/2018,55.96,113.37
17/09/2018,54.47,112.14
18/09/2018,54.56,113.21
19/09/2018,54.593,111.7
20/09/2018,55.008,113.57
21/09/2018,54.415,114.26
24/09/2018,55.198,114.67
25/09/2018,55.548,114.45
26/09/2018,55.105,113.98
27/09/2018,56.238,114.41
28/09/2018,56.435,114.37
01/10/2018,56.815,115.61
02/10/2018,57.32,115.15
03/10/2018,58.018,115.17
04/10/2018,56.998,112.79
05/10/2018,56.073,112.13
08/10/2018,55.943,110.85
09/10/2018,56.718,112.26
10/10/2018,54.09,106.16
11/10/2018,53.613,105.91
12/10/2018,55.528,109.57
15/10/2018,54.34,107.6
16/10/2018,55.538,111
17/10/2018,55.298,110.71
18/10/2018,54.005,108.5
19/10/2018,54.828,108.66
22/10/2018,55.163,109.63
23/10/2018,55.683,108.1
24/10/2018,53.773,102.32
25/10/2018,54.95,108.3
26/10/2018,54.075,106.96
29/10/2018,53.06,103.85
30/10/2018,53.325,103.73
31/10/2018,54.715,106.81
01/11/2018,55.555,105.92
02/11/2018,51.87,106.16
05/11/2018,50.398,107.51
06/11/2018,50.943,107.72
07/11/2018,52.488,111.96
08/11/2018,52.123,111.75
09/11/2018,51.118,109.57
12/11/2018,48.543,106.87
13/11/2018,48.058,106.94
14/11/2018,46.7,104.97
15/11/2018,47.853,107.28
16/11/2018,48.383,108.29
19/11/2018,46.465,104.62
20/11/2018,44.245,101.71
21/11/2018,44.195,103.11
23/11/2018,43.073,103.07
26/11/2018,43.655,106.47
27/11/2018,43.56,107.14
28/11/2018,45.235,111.12
29/11/2018,44.888,110.19
30/11/2018,44.645,110.89
03/12/2018,46.205,112.09
04/12/2018,44.173,108.52
06/12/2018,43.68,109.19
07/12/2018,42.123,104.82
10/12/2018,42.4,107.59
11/12/2018,42.158,108.59
12/12/2018,42.275,109.08
13/12/2018,42.738,109.45
14/12/2018,41.37,106.03
17/12/2018,40.985,102.89
18/12/2018,41.518,103.97
19/12/2018,40.223,103.69
20/12/2018,39.208,101.51
21/12/2018,37.683,98.23
24/12/2018,36.708,94.13
26/12/2018,39.293,100.56
27/12/2018,39.038,101.18
28/12/2018,39.058,100.39
31/12/2018,39.435,101.57
02/01/2019,39.48,101.12
03/01/2019,35.548,97.4
04/01/2019,37.065,101.93
07/01/2019,36.983,102.06
08/01/2019,37.688,102.8
09/01/2019,38.328,104.27
10/01/2019,38.45,103.6
11/01/2019,38.073,102.8
14/01/2019,37.5,102.05
15/01/2019,38.268,105.01
16/01/2019,38.735,105.38
17/01/2019,38.965,106.12
18/01/2019,39.205,107.71
22/01/2019,38.325,105.68
23/01/2019,38.48,106.71
24/01/2019,38.175,106.2
25/01/2019,39.44,107.17
28/01/2019,39.075,105.08
29/01/2019,38.67,102.94
30/01/2019,41.313,106.38
31/01/2019,41.61,104.43
01/02/2019,41.63,102.78
04/02/2019,42.813,105.74
05/02/2019,43.545,107.22
06/02/2019,43.56,106.03
07/02/2019,42.735,105.27
08/02/2019,42.603,105.67
11/02/2019,42.358,105.25
12/02/2019,42.723,106.89
13/02/2019,42.545,106.81
14/02/2019,42.7,106.9
15/02/2019,42.605,108.22
19/02/2019,42.733,108.17
20/02/2019,43.008,107.15
21/02/2019,42.765,109.41
22/02/2019,43.243,110.97
25/02/2019,43.558,111.59
26/02/2019,43.583,112.36
27/02/2019,43.718,112.17
28/02/2019,43.288,112.03
01/03/2019,43.743,112.53
04/03/2019,43.963,112.26
05/03/2019,43.883,111.7
06/03/2019,43.63,111.75
07/03/2019,43.125,110.39
08/03/2019,43.228,110.51
11/03/2019,44.725,112.83
12/03/2019,45.228,113.62
13/03/2019,45.428,114.5
14/03/2019,45.933,114.59
15/03/2019,46.53,115.91
18/03/2019,47.005,117.57
19/03/2019,46.633,117.65
20/03/2019,47.04,117.52
21/03/2019,48.773,120.22
22/03/2019,47.763,117.05
25/03/2019,47.185,117.66
26/03/2019,46.698,117.91
27/03/2019,47.118,116.77
28/03/2019,47.18,116.93
29/03/2019,47.488,117.94
01/04/2019,47.81,119.02
02/04/2019,48.505,119.19
03/04/2019,48.838,119.97
04/04/2019,48.923,119.36
05/04/2019,49.25,119.89
08/04/2019,50.025,119.93
09/04/2019,49.875,119.28
10/04/2019,50.155,120.19
11/04/2019,49.738,120.33
12/04/2019,49.718,120.95
15/04/2019,49.808,121.05
16/04/2019,49.813,120.77
17/04/2019,50.783,121.77
18/04/2019,50.965,123.37
22/04/2019,51.133,123.76
23/04/2019,51.87,125.44
24/04/2019,51.79,125.01
25/04/2019,51.32,129.15
26/04/2019,51.075,129.89
29/04/2019,51.153,129.77
30/04/2019,50.168,130.6
01/05/2019,52.63,127.88
02/05/2019,52.288,126.21
03/05/2019,52.938,128.9
06/05/2019,52.12,128.15
07/05/2019,50.715,125.52
08/05/2019,50.725,125.51
09/05/2019,50.18,125.5
10/05/2019,49.295,127.13
13/05/2019,46.43,123.35
14/05/2019,47.165,124.73
15/05/2019,47.73,126.02
16/05/2019,47.52,128.93
17/05/2019,47.25,128.07
20/05/2019,45.773,126.22
21/05/2019,46.65,126.9
22/05/2019,45.695,127.67
23/05/2019,44.915,126.18
24/05/2019,44.743,126.24
28/05/2019,44.558,126.16
29/05/2019,44.345,124.94
30/05/2019,44.575,125.73
31/05/2019,43.768,123.68
03/06/2019,43.325,119.84
04/06/2019,44.91,123.16
05/06/2019,45.635,125.83
06/06/2019,46.305,127.82
07/06/2019,47.538,131.4
10/06/2019,48.145,132.6
11/06/2019,48.703,132.1
12/06/2019,48.548,131.49
13/06/2019,48.538,132.32
14/06/2019,48.185,132.45
17/06/2019,48.473,132.85
18/06/2019,49.613,135.16
19/06/2019,49.468,135.69
20/06/2019,49.865,136.95
21/06/2019,49.695,136.97
24/06/2019,49.645,137.78
25/06/2019,48.893,133.43
26/06/2019,49.95,133.93
27/06/2019,49.935,134.15
28/06/2019,49.48,133.96
01/07/2019,50.388,135.68
02/07/2019,50.683,136.58
03/07/2019,51.103,137.46
05/07/2019,51.058,137.06
08/07/2019,50.005,136.96
09/07/2019,50.31,136.46
10/07/2019,50.808,137.85
11/07/2019,50.438,138.4
12/07/2019,50.825,138.9
15/07/2019,51.303,138.9
16/07/2019,51.125,137.08
17/07/2019,50.838,136.27
18/07/2019,51.415,136.42
19/07/2019,50.648,136.62
22/07/2019,51.805,138.43
23/07/2019,52.21,139.29
24/07/2019,52.168,140.72
25/07/2019,51.755,140.19
26/07/2019,51.935,141.34
29/07/2019,52.42,141.03
30/07/2019,52.195,140.35
31/07/2019,53.26,136.27
01/08/2019,52.108,138.06
02/08/2019,51.005,136.9
05/08/2019,48.335,132.21
06/08/2019,49.25,134.69
07/08/2019,49.76,135.28
08/08/2019,50.858,138.89
09/08/2019,50.248,137.71
12/08/2019,50.12,135.79
13/08/2019,52.243,138.6
14/08/2019,50.688,133.98
15/08/2019,50.435,133.68
16/08/2019,51.625,136.13
19/08/2019,52.588,138.41
20/08/2019,52.59,137.26
21/08/2019,53.16,138.79
22/08/2019,53.115,137.78
23/08/2019,50.66,133.39
26/08/2019,51.623,135.45
27/08/2019,51.04,135.74
28/08/2019,51.383,135.56
29/08/2019,52.253,138.12
30/08/2019,52.185,137.86
03/09/2019,51.425,136.04
04/09/2019,52.298,137.63
05/09/2019,53.32,140.05
06/09/2019,53.315,139.1
09/09/2019,53.543,137.52
10/09/2019,54.175,136.08
11/09/2019,55.898,136.12
12/09/2019,55.771,137.52
13/09/2019,54.688,137.32
16/09/2019,54.975,136.33
17/09/2019,55.175,137.39
18/09/2019,55.693,138.52
19/09/2019,55.24,141.07
20/09/2019,54.433,139.44
23/09/2019,54.68,139.14
24/09/2019,54.42,137.38
25/09/2019,55.258,139.36
26/09/2019,54.973,139.54
27/09/2019,54.705,137.73
30/09/2019,55.993,139.03
01/10/2019,56.148,137.07
02/10/2019,54.74,134.65
03/10/2019,55.205,136.28
04/10/2019,56.753,138.12
07/10/2019,56.765,137.12
08/10/2019,56.1,135.67
09/10/2019,56.758,138.24
10/10/2019,57.523,139.1
11/10/2019,59.053,139.68
14/10/2019,58.968,139.55
15/10/2019,58.83,141.575
16/10/2019,58.593,140.41
17/10/2019,58.82,139.69
18/10/2019,59.103,137.41
21/10/2019,60.128,138.43
22/10/2019,59.99,136.37
23/10/2019,60.795,137.24
24/10/2019,60.895,139.94
25/10/2019,61.645,140.73
28/10/2019,62.263,144.19
29/10/2019,60.823,142.83
30/10/2019,60.815,144.61
31/10/2019,62.19,143.37
01/11/2019,63.955,143.72
04/11/2019,64.375,144.55
05/11/2019,64.283,144.46
06/11/2019,64.31,144.06
07/11/2019,64.858,144.26
08/11/2019,65.035,145.96
11/11/2019,65.55,146.11
12/11/2019,65.49,147.07
13/11/2019,66.118,147.31
14/11/2019,65.66,148.06
15/11/2019,66.44,149.97
18/11/2019,66.775,150.34
19/11/2019,66.573,150.39
20/11/2019,65.798,149.62
21/11/2019,65.503,149.48
22/11/2019,65.445,149.59
25/11/2019,66.593,151.23
26/11/2019,66.073,152.03
27/11/2019,66.96,152.32
29/11/2019,66.813,151.38
02/12/2019,66.04,149.55
03/12/2019,64.863,149.31
04/12/2019,65.435,149.85
05/12/2019,66.395,149.93
06/12/2019,67.678,151.75
09/12/2019,66.73,151.36
10/12/2019,67.12,151.13
11/12/2019,67.693,151.7
12/12/2019,67.865,153.24
13/12/2019,68.788,154.53
16/12/2019,69.965,155.53
17/12/2019,70.103,154.69
18/12/2019,69.935,154.37
19/12/2019,70.005,155.71
20/12/2019,69.86,157.41
23/12/2019,71,157.41
24/12/2019,71.068,157.38
26/12/2019,72.478,158.67
27/12/2019,72.45,158.96
30/12/2019,72.88,157.59
31/12/2019,73.413,157.7
02/01/2020,75.088,160.62
03/01/2020,74.358,158.62
06/01/2020,74.95,159.03
07/01/2020,74.598,157.58
08/01/2020,75.798,160.09
09/01/2020,77.408,162.09
10/01/2020,77.583,161.34
13/01/2020,79.24,163.28
14/01/2020,78.17,162.13
15/01/2020,77.835,163.18
16/01/2020,78.81,166.17
17/01/2020,79.683,167.1
21/01/2020,79.143,166.5
22/01/2020,79.425,165.7
23/01/2020,79.808,166.72
24/01/2020,79.578,165.04
27/01/2020,77.238,162.28
28/01/2020,79.423,165.46
29/01/2020,81.085,168.04
30/01/2020,80.968,172.78
31/01/2020,77.378,170.23
03/02/2020,77.165,174.38
04/02/2020,79.713,180.12
05/02/2020,80.363,179.9
06/02/2020,81.303,183.63
07/02/2020,80.007,183.89
10/02/2020,80.388,188.7
11/02/2020,79.903,184.44
12/02/2020,81.8,184.71
13/02/2020,81.218,183.71
14/02/2020,81.238,185.35
18/02/2020,79.75,187.23
19/02/2020,80.905,187.28
20/02/2020,80.075,184.42
21/02/2020,78.263,178.59
24/02/2020,74.545,170.89
25/02/2020,72.02,168.07
26/02/2020,73.163,170.17
27/02/2020,68.38,158.18
28/02/2020,68.34,162.01
02/03/2020,74.703,172.79
03/03/2020,72.33,164.51
04/03/2020,75.685,170.55
05/03/2020,73.23,166.27
06/03/2020,72.257,161.57
09/03/2020,66.543,150.62
10/03/2020,71.335,160.92
11/03/2020,68.858,153.63
12/03/2020,62.058,139.06
13/03/2020,69.493,158.83
16/03/2020,60.553,135.42
17/03/2020,63.215,146.57
18/03/2020,61.668,140.4
19/03/2020,61.195,142.71
20/03/2020,57.31,137.35
23/03/2020,56.093,135.98
24/03/2020,61.72,148.34
25/03/2020,61.38,146.92
26/03/2020,64.61,156.11
27/03/2020,61.935,149.7
30/03/2020,63.703,160.23
31/03/2020,63.573,157.71
01/04/2020,60.228,152.11
02/04/2020,61.233,155.26
03/04/2020,60.353,153.83
06/04/2020,65.618,165.27
07/04/2020,64.858,163.49
08/04/2020,66.518,165.13
09/04/2020,66.998,165.14
13/04/2020,68.313,165.51
14/04/2020,71.763,173.7
15/04/2020,71.108,171.88
16/04/2020,71.673,177.04
17/04/2020,70.7,178.6
20/04/2020,69.233,175.06
21/04/2020,67.093,167.82
22/04/2020,69.025,173.52
23/04/2020,68.757,171.42
24/04/2020,70.743,174.55
27/04/2020,70.793,174.05
28/04/2020,69.645,169.81
29/04/2020,71.933,177.43
30/04/2020,73.45,179.21
01/05/2020,72.268,174.57
04/05/2020,73.29,178.84
05/05/2020,74.39,180.76
06/05/2020,75.158,182.54
07/05/2020,75.935,183.6
08/05/2020,77.533,184.68
11/05/2020,78.753,186.74
12/05/2020,77.853,182.51
13/05/2020,76.913,179.75
14/05/2020,77.385,180.53
15/05/2020,76.928,183.16
18/05/2020,78.74,184.91
19/05/2020,78.285,183.63
20/05/2020,79.808,185.66
21/05/2020,79.213,183.43
22/05/2020,79.723,183.51
26/05/2020,79.183,181.57
27/05/2020,79.528,181.81
28/05/2020,79.563,181.4
29/05/2020,79.485,183.25
01/06/2020,80.463,182.83
02/06/2020,80.835,184.91
03/06/2020,81.28,185.36
04/06/2020,80.58,182.92
05/06/2020,82.875,187.2
08/06/2020,83.365,188.36
09/06/2020,85.998,189.8
10/06/2020,88.21,196.84
11/06/2020,83.975,186.27
12/06/2020,84.7,187.74
15/06/2020,85.748,188.94
16/06/2020,88.02,193.57
17/06/2020,87.897,194.24
18/06/2020,87.933,196.32
19/06/2020,87.43,195.15
22/06/2020,89.718,200.57
23/06/2020,91.632,201.91
24/06/2020,90.015,197.84
25/06/2020,91.21,200.34
26/06/2020,88.408,196.33
29/06/2020,90.445,198.44
30/06/2020,91.2,203.51
01/07/2020,91.028,204.7
02/07/2020,91.028,206.26
06/07/2020,93.463,210.7
07/07/2020,93.173,208.25
08/07/2020,95.343,212.83
09/07/2020,95.683,214.32
10/07/2020,95.92,213.67
13/07/2020,95.478,207.07
14/07/2020,97.058,208.35
15/07/2020,97.725,208.04
16/07/2020,96.522,203.92
17/07/2020,96.328,202.88
20/07/2020,98.358,211.6
21/07/2020,97,208.75
22/07/2020,97.272,211.75
23/07/2020,92.845,202.54
24/07/2020,92.615,201.3
27/07/2020,94.81,203.85
28/07/2020,93.253,202.02
29/07/2020,95.04,204.06
30/07/2020,96.19,203.9
31/07/2020,106.26,205.01
03/08/2020,108.938,216.54
04/08/2020,109.665,213.29
05/08/2020,110.063,212.94
06/08/2020,113.903,216.35
07/08/2020,111.113,212.48
10/08/2020,112.728,208.25
11/08/2020,109.375,203.38
12/08/2020,113.01,209.19
13/08/2020,115.01,208.7
14/08/2020,114.908,208.9
17/08/2020,114.608,210.28
18/08/2020,115.563,211.49
19/08/2020,115.708,209.7
20/08/2020,118.275,214.58
21/08/2020,124.37,213.02
24/08/2020,125.858,213.69
25/08/2020,124.825,216.47
26/08/2020,126.522,221.15
27/08/2020,125.01,226.58
28/08/2020,124.808,228.91
31/08/2020,129.04,225.53
01/09/2020,134.18,227.27
02/09/2020,131.4,231.65
03/09/2020,120.88,217.3
04/09/2020,120.96,214.25
08/09/2020,112.82,202.66
09/09/2020,117.32,211.29
10/09/2020,113.49,205.37
11/09/2020,112,204.03
14/09/2020,115.355,205.41
15/09/2020,115.54,208.78
16/09/2020,112.13,205.05
17/09/2020,110.34,202.91
18/09/2020,106.84,200.39
21/09/2020,110.08,202.54
22/09/2020,111.81,207.42
23/09/2020,107.12,200.59
24/09/2020,108.22,203.19
25/09/2020,112.28,207.82
28/09/2020,114.96,209.44
29/09/2020,114.09,207.26
30/09/2020,115.81,210.33
01/10/2020,116.79,212.46
02/10/2020,113.02,206.19
05/10/2020,116.5,210.38
06/10/2020,113.16,205.91
07/10/2020,115.08,209.83
08/10/2020,114.97,210.58
09/10/2020,116.97,215.81
12/10/2020,124.4,221.4
13/10/2020,121.1,222.86
14/10/2020,121.19,220.86
15/10/2020,120.71,219.66
16/10/2020,119.02,219.66
19/10/2020,115.98,214.22
20/10/2020,117.51,214.65
21/10/2020,116.87,214.8
22/10/2020,115.75,214.89
23/10/2020,115.04,216.23
26/10/2020,115.05,210.08
27/10/2020,116.6,213.25
28/10/2020,111.2,202.68
29/10/2020,115.32,204.72
30/10/2020,108.86,202.47
02/11/2020,108.77,202.33
03/11/2020,110.44,206.43
04/11/2020,114.95,216.39
05/11/2020,119.03,223.29
06/11/2020,118.69,223.72
09/11/2020,116.32,218.39
10/11/2020,115.97,211.01
11/11/2020,119.49,216.55
12/11/2020,119.21,215.44
13/11/2020,119.26,216.51
16/11/2020,120.3,217.23
17/11/2020,119.39,214.46
18/11/2020,118.03,211.08
19/11/2020,118.64,212.42
20/11/2020,117.34,210.39
23/11/2020,113.85,210.11
24/11/2020,115.17,213.86
25/11/2020,116.03,213.87
27/11/2020,116.59,215.23
30/11/2020,119.05,214.07
01/12/2020,122.72,216.21
02/12/2020,123.08,215.37
03/12/2020,122.94,214.24
04/12/2020,122.25,214.36
07/12/2020,123.75,214.29
08/12/2020,124.38,216.01
09/12/2020,121.78,211.8
10/12/2020,123.24,210.52
11/12/2020,122.41,213.26
14/12/2020,121.78,214.2
15/12/2020,127.88,214.13
16/12/2020,127.81,219.28
17/12/2020,128.7,219.42
18/12/2020,126.655,218.59
21/12/2020,128.23,222.59
22/12/2020,131.88,223.94
23/12/2020,130.96,221.02
24/12/2020,131.97,222.75
28/12/2020,136.69,224.96
29/12/2020,134.87,224.15
30/12/2020,133.72,221.68
31/12/2020,132.69,222.42
04/01/2021,129.41,217.69
05/01/2021,131.01,217.9
06/01/2021,126.6,212.25
07/01/2021,130.92,218.29
08/01/2021,132.05,219.62
11/01/2021,128.98,217.49
12/01/2021,128.8,214.93
13/01/2021,130.89,216.34
14/01/2021,128.91,213.02
15/01/2021,127.14,212.65
19/01/2021,127.83,216.44
20/01/2021,132.03,224.34
21/01/2021,136.87,224.97
22/01/2021,139.07,225.95
25/01/2021,142.92,229.53
26/01/2021,143.16,232.33
27/01/2021,142.06,232.9
28/01/2021,137.09,238.93
29/01/2021,131.96,231.96
01/02/2021,134.14,239.65
02/02/2021,134.99,239.51
03/02/2021,133.94,243
04/02/2021,137.39,242.01
05/02/2021,136.76,242.2
08/02/2021,136.91,242.47
09/02/2021,136.01,243.77
10/02/2021,135.39,242.82
11/02/2021,135.13,244.49
12/02/2021,135.37,244.99
16/02/2021,133.19,243.7
17/02/2021,130.84,244.2
18/02/2021,129.71,243.79
19/02/2021,129.87,240.97
